[{"model": "admin.logentry", "pk": 1, "fields": {"action_time": "2022-10-11T13:11:27.343Z", "user": 1, "content_type": 4, "object_id": "2", "object_repr": "JD", "action_flag": 1, "change_message": "[{\"added\": {}}]"}}, {"model": "admin.logentry", "pk": 2, "fields": {"action_time": "2022-10-11T13:11:35.041Z", "user": 1, "content_type": 4, "object_id": "2", "object_repr": "JD", "action_flag": 2, "change_message": "[{\"changed\": {\"fields\": [\"First name\", \"Last name\"]}}]"}}, {"model": "admin.logentry", "pk": 3, "fields": {"action_time": "2022-10-11T13:11:42.547Z", "user": 1, "content_type": 4, "object_id": "1", "object_repr": "ben", "action_flag": 2, "change_message": "[{\"changed\": {\"fields\": [\"First name\", \"Last name\"]}}]"}}, {"model": "admin.logentry", "pk": 4, "fields": {"action_time": "2022-10-11T13:11:53.064Z", "user": 1, "content_type": 4, "object_id": "3", "object_repr": "BenTest", "action_flag": 1, "change_message": "[{\"added\": {}}]"}}, {"model": "admin.logentry", "pk": 5, "fields": {"action_time": "2022-10-11T13:11:58.958Z", "user": 1, "content_type": 4, "object_id": "3", "object_repr": "BenTest", "action_flag": 2, "change_message": "[{\"changed\": {\"fields\": [\"First name\", \"Last name\"]}}]"}}, {"model": "admin.logentry", "pk": 6, "fields": {"action_time": "2022-10-11T13:12:10.378Z", "user": 1, "content_type": 4, "object_id": "4", "object_repr": "JR", "action_flag": 1, "change_message": "[{\"added\": {}}]"}}, {"model": "admin.logentry", "pk": 7, "fields": {"action_time": "2022-10-11T13:12:17.587Z", "user": 1, "content_type": 4, "object_id": "4", "object_repr": "JR", "action_flag": 2, "change_message": "[{\"changed\": {\"fields\": [\"First name\", \"Last name\"]}}]"}}, {"model": "admin.logentry", "pk": 8, "fields": {"action_time": "2022-10-11T13:12:34.941Z", "user": 1, "content_type": 4, "object_id": "5", "object_repr": "CarlaB", "action_flag": 1, "change_message": "[{\"added\": {}}]"}}, {"model": "admin.logentry", "pk": 9, "fields": {"action_time": "2022-10-11T13:12:43.181Z", "user": 1, "content_type": 4, "object_id": "5", "object_repr": "CarlaB", "action_flag": 2, "change_message": "[{\"changed\": {\"fields\": [\"First name\", \"Last name\"]}}]"}}, {"model": "admin.logentry", "pk": 10, "fields": {"action_time": "2022-10-11T13:12:52.329Z", "user": 1, "content_type": 8, "object_id": "1", "object_repr": "Attaché de Recherche Clinique (ARC)", "action_flag": 1, "change_message": "[{\"added\": {}}]"}}, {"model": "admin.logentry", "pk": 11, "fields": {"action_time": "2022-10-11T13:12:58.942Z", "user": 1, "content_type": 8, "object_id": "2", "object_repr": "Project Manager (PM)", "action_flag": 1, "change_message": "[{\"added\": {}}]"}}, {"model": "admin.logentry", "pk": 12, "fields": {"action_time": "2022-10-11T13:13:03.428Z", "user": 1, "content_type": 8, "object_id": "3", "object_repr": "Chargé de Recherche (CR)", "action_flag": 1, "change_message": "[{\"added\": {}}]"}}, {"model": "admin.logentry", "pk": 13, "fields": {"action_time": "2022-10-11T13:13:07.492Z", "user": 1, "content_type": 8, "object_id": "4", "object_repr": "Directeur de Recherche (DR)", "action_flag": 1, "change_message": "[{\"added\": {}}]"}}, {"model": "admin.logentry", "pk": 14, "fields": {"action_time": "2022-10-11T13:13:25.391Z", "user": 1, "content_type": 8, "object_id": "5", "object_repr": "Doctorant (Doc)", "action_flag": 1, "change_message": "[{\"added\": {}}]"}}, {"model": "admin.logentry", "pk": 15, "fields": {"action_time": "2022-10-11T13:13:31.422Z", "user": 1, "content_type": 8, "object_id": "6", "object_repr": "Master1 (M1)", "action_flag": 1, "change_message": "[{\"added\": {}}]"}}, {"model": "admin.logentry", "pk": 16, "fields": {"action_time": "2022-10-11T13:13:37.151Z", "user": 1, "content_type": 8, "object_id": "7", "object_repr": "Master2 (M2)", "action_flag": 1, "change_message": "[{\"added\": {}}]"}}, {"model": "admin.logentry", "pk": 17, "fields": {"action_time": "2022-10-11T13:14:04.583Z", "user": 1, "content_type": 7, "object_id": "1", "object_repr": "Ben Legendre (ben)", "action_flag": 1, "change_message": "[{\"added\": {}}, {\"added\": {\"name\": \"Status\", \"object\": \"Ben Legendre  : Attach\\u00e9 de Recherche Clinique\"}}]"}}, {"model": "admin.logentry", "pk": 18, "fields": {"action_time": "2022-10-11T13:14:21.121Z", "user": 1, "content_type": 7, "object_id": "2", "object_repr": "Tben Tleg (BenTest)", "action_flag": 1, "change_message": "[{\"added\": {}}, {\"added\": {\"name\": \"Status\", \"object\": \"Tben Tleg  : Master2\"}}]"}}, {"model": "admin.logentry", "pk": 19, "fields": {"action_time": "2022-10-11T13:14:35.749Z", "user": 1, "content_type": 7, "object_id": "1", "object_repr": "Ben Legendre (ben)", "action_flag": 2, "change_message": "[{\"added\": {\"name\": \"Status\", \"object\": \"Ben Legendre  : Project Manager\"}}]"}}, {"model": "admin.logentry", "pk": 20, "fields": {"action_time": "2022-10-11T13:14:44.849Z", "user": 1, "content_type": 7, "object_id": "3", "object_repr": "Carla Bouafshour (CarlaB)", "action_flag": 1, "change_message": "[{\"added\": {}}, {\"added\": {\"name\": \"Status\", \"object\": \"Carla Bouafshour  : Directeur de Recherche\"}}]"}}, {"model": "admin.logentry", "pk": 21, "fields": {"action_time": "2022-10-11T13:14:53.791Z", "user": 1, "content_type": 7, "object_id": "4", "object_repr": "Jean Dupond (JD)", "action_flag": 1, "change_message": "[{\"added\": {}}]"}}, {"model": "admin.logentry", "pk": 22, "fields": {"action_time": "2022-10-11T13:15:04.096Z", "user": 1, "content_type": 7, "object_id": "5", "object_repr": "Jeannie Rouach (JR)", "action_flag": 1, "change_message": "[{\"added\": {}}, {\"added\": {\"name\": \"Status\", \"object\": \"Jeannie Rouach  : Doctorant\"}}]"}}, {"model": "admin.logentry", "pk": 23, "fields": {"action_time": "2022-10-11T13:15:28.699Z", "user": 1, "content_type": 9, "object_id": "1", "object_repr": "Team object (1)", "action_flag": 1, "change_message": "[{\"added\": {}}, {\"added\": {\"name\": \"TeamMate\", \"object\": \"TeamMate object (1)\"}}, {\"added\": {\"name\": \"TeamMate\", \"object\": \"TeamMate object (2)\"}}, {\"added\": {\"name\": \"TeamMate\", \"object\": \"TeamMate object (3)\"}}]"}}, {"model": "admin.logentry", "pk": 24, "fields": {"action_time": "2022-10-11T13:15:43.390Z", "user": 1, "content_type": 9, "object_id": "2", "object_repr": "Team object (2)", "action_flag": 1, "change_message": "[{\"added\": {}}, {\"added\": {\"name\": \"TeamMate\", \"object\": \"TeamMate object (4)\"}}, {\"added\": {\"name\": \"TeamMate\", \"object\": \"TeamMate object (5)\"}}]"}}, {"model": "admin.logentry", "pk": 25, "fields": {"action_time": "2022-10-11T14:16:45.403Z", "user": 1, "content_type": 12, "object_id": "1", "object_repr": "Inserm", "action_flag": 1, "change_message": "[{\"added\": {}}]"}}, {"model": "admin.logentry", "pk": 26, "fields": {"action_time": "2022-10-11T14:16:55.736Z", "user": 1, "content_type": 12, "object_id": "2", "object_repr": "CHU Lille", "action_flag": 1, "change_message": "[{\"added\": {}}]"}}, {"model": "admin.logentry", "pk": 27, "fields": {"action_time": "2022-10-11T14:17:07.121Z", "user": 1, "content_type": 12, "object_id": "3", "object_repr": "UnivL", "action_flag": 1, "change_message": "[{\"added\": {}}]"}}, {"model": "admin.logentry", "pk": 28, "fields": {"action_time": "2022-10-11T14:17:19.507Z", "user": 1, "content_type": 12, "object_id": "4", "object_repr": "Pasteur Lille", "action_flag": 1, "change_message": "[{\"added\": {}}]"}}, {"model": "admin.logentry", "pk": 29, "fields": {"action_time": "2022-10-11T14:17:45.365Z", "user": 1, "content_type": 13, "object_id": "1", "object_repr": "PreciNASH", "action_flag": 1, "change_message": "[{\"added\": {}}]"}}, {"model": "admin.logentry", "pk": 30, "fields": {"action_time": "2022-10-11T14:18:01.536Z", "user": 1, "content_type": 13, "object_id": "1", "object_repr": "PreciNASH", "action_flag": 2, "change_message": "[{\"added\": {\"name\": \"Partner Institution\", \"object\": \"Institution_Participant object (1)\"}}, {\"added\": {\"name\": \"Partner Institution\", \"object\": \"Institution_Participant object (2)\"}}, {\"added\": {\"name\": \"Partner Institution\", \"object\": \"Institution_Participant object (3)\"}}, {\"added\": {\"name\": \"Partner Institution\", \"object\": \"Institution_Participant object (4)\"}}]"}}, {"model": "admin.logentry", "pk": 31, "fields": {"action_time": "2022-10-11T14:40:21.045Z", "user": 1, "content_type": 9, "object_id": "1", "object_repr": "Team object (1)", "action_flag": 2, "change_message": "[{\"added\": {\"name\": \"TeamMate\", \"object\": \"TeamMate object (6)\"}}]"}}, {"model": "admin.logentry", "pk": 32, "fields": {"action_time": "2022-10-11T14:40:40.090Z", "user": 1, "content_type": 9, "object_id": "2", "object_repr": "Team object (2)", "action_flag": 2, "change_message": "[{\"added\": {\"name\": \"TeamMate\", \"object\": \"TeamMate object (7)\"}}]"}}, {"model": "admin.logentry", "pk": 33, "fields": {"action_time": "2022-10-11T15:07:14.484Z", "user": 1, "content_type": 9, "object_id": "1", "object_repr": "Team object (1)", "action_flag": 2, "change_message": "[{\"changed\": {\"name\": \"TeamMate\", \"object\": \"TeamMate object (6)\", \"fields\": [\"Employee\"]}}]"}}, {"model": "admin.logentry", "pk": 34, "fields": {"action_time": "2022-10-11T15:07:48.508Z", "user": 1, "content_type": 9, "object_id": "1", "object_repr": "Team object (1)", "action_flag": 3, "change_message": ""}}, {"model": "admin.logentry", "pk": 35, "fields": {"action_time": "2022-10-11T15:07:58.314Z", "user": 1, "content_type": 9, "object_id": "3", "object_repr": "Team object (3)", "action_flag": 1, "change_message": "[{\"added\": {}}]"}}, {"model": "admin.logentry", "pk": 36, "fields": {"action_time": "2022-10-11T15:08:02.856Z", "user": 1, "content_type": 9, "object_id": "3", "object_repr": "Team object (3)", "action_flag": 2, "change_message": "[{\"added\": {\"name\": \"TeamMate\", \"object\": \"TeamMate object (8)\"}}]"}}, {"model": "admin.logentry", "pk": 37, "fields": {"action_time": "2022-10-11T15:08:49.711Z", "user": 1, "content_type": 9, "object_id": "3", "object_repr": "Team object (3)", "action_flag": 2, "change_message": "[{\"added\": {\"name\": \"TeamMate\", \"object\": \"TeamMate object (9)\"}}]"}}, {"model": "admin.logentry", "pk": 38, "fields": {"action_time": "2022-10-11T15:27:14.922Z", "user": 1, "content_type": 9, "object_id": "3", "object_repr": "Team object (3)", "action_flag": 2, "change_message": "[{\"added\": {\"name\": \"TeamMate\", \"object\": \"TeamMate object (10)\"}}]"}}, {"model": "admin.logentry", "pk": 39, "fields": {"action_time": "2022-10-11T15:27:30.364Z", "user": 1, "content_type": 9, "object_id": "3", "object_repr": "Team object (3)", "action_flag": 2, "change_message": "[{\"added\": {\"name\": \"TeamMate\", \"object\": \"TeamMate object (11)\"}}]"}}, {"model": "admin.logentry", "pk": 40, "fields": {"action_time": "2022-10-11T15:33:22.210Z", "user": 1, "content_type": 9, "object_id": "3", "object_repr": "Team object (3)", "action_flag": 2, "change_message": "[{\"deleted\": {\"name\": \"TeamMate\", \"object\": \"TeamMate object (None)\"}}, {\"deleted\": {\"name\": \"TeamMate\", \"object\": \"TeamMate object (None)\"}}]"}}, {"model": "admin.logentry", "pk": 41, "fields": {"action_time": "2022-10-11T15:33:29.264Z", "user": 1, "content_type": 9, "object_id": "3", "object_repr": "Team object (3)", "action_flag": 2, "change_message": "[]"}}, {"model": "admin.logentry", "pk": 42, "fields": {"action_time": "2022-10-11T15:33:57.272Z", "user": 1, "content_type": 9, "object_id": "3", "object_repr": "Team object (3)", "action_flag": 2, "change_message": "[{\"added\": {\"name\": \"TeamMate\", \"object\": \"TeamMate object (12)\"}}]"}}, {"model": "admin.logentry", "pk": 43, "fields": {"action_time": "2022-10-11T15:34:29.296Z", "user": 1, "content_type": 9, "object_id": "3", "object_repr": "Team object (3)", "action_flag": 2, "change_message": "[{\"changed\": {\"name\": \"TeamMate\", \"object\": \"TeamMate object (12)\", \"fields\": [\"Employee\"]}}]"}}, {"model": "admin.logentry", "pk": 44, "fields": {"action_time": "2022-10-11T15:34:35.522Z", "user": 1, "content_type": 9, "object_id": "3", "object_repr": "Team object (3)", "action_flag": 2, "change_message": "[{\"added\": {\"name\": \"TeamMate\", \"object\": \"TeamMate object (13)\"}}]"}}, {"model": "admin.logentry", "pk": 45, "fields": {"action_time": "2022-10-11T15:34:49.045Z", "user": 1, "content_type": 9, "object_id": "3", "object_repr": "Team object (3)", "action_flag": 2, "change_message": "[{\"added\": {\"name\": \"TeamMate\", \"object\": \"TeamMate object (14)\"}}]"}}, {"model": "admin.logentry", "pk": 46, "fields": {"action_time": "2022-10-11T15:35:37.091Z", "user": 1, "content_type": 9, "object_id": "3", "object_repr": "Team object (3)", "action_flag": 2, "change_message": "[{\"deleted\": {\"name\": \"TeamMate\", \"object\": \"TeamMate object (None)\"}}]"}}, {"model": "admin.logentry", "pk": 47, "fields": {"action_time": "2022-10-11T15:36:55.639Z", "user": 1, "content_type": 9, "object_id": "3", "object_repr": "Team object (3)", "action_flag": 2, "change_message": "[{\"added\": {\"name\": \"TeamMate\", \"object\": \"TeamMate object (15)\"}}]"}}, {"model": "admin.logentry", "pk": 48, "fields": {"action_time": "2022-10-11T15:36:59.516Z", "user": 1, "content_type": 9, "object_id": "3", "object_repr": "Team object (3)", "action_flag": 2, "change_message": "[{\"deleted\": {\"name\": \"TeamMate\", \"object\": \"TeamMate object (None)\"}}]"}}, {"model": "admin.logentry", "pk": 49, "fields": {"action_time": "2022-10-11T15:56:55.255Z", "user": 1, "content_type": 9, "object_id": "3", "object_repr": "Team object (3)", "action_flag": 2, "change_message": "[]"}}, {"model": "admin.logentry", "pk": 50, "fields": {"action_time": "2022-10-11T16:01:35.121Z", "user": 1, "content_type": 9, "object_id": "3", "object_repr": "Team #1", "action_flag": 2, "change_message": "[]"}}, {"model": "admin.logentry", "pk": 51, "fields": {"action_time": "2022-10-11T16:03:11.854Z", "user": 1, "content_type": 8, "object_id": "6", "object_repr": "Master1 (M1)", "action_flag": 2, "change_message": "[]"}}, {"model": "admin.logentry", "pk": 52, "fields": {"action_time": "2022-10-11T16:03:12.892Z", "user": 1, "content_type": 8, "object_id": "6", "object_repr": "Master1 (M1)", "action_flag": 2, "change_message": "[]"}}, {"model": "admin.logentry", "pk": 53, "fields": {"action_time": "2022-10-12T13:39:02.729Z", "user": 1, "content_type": 4, "object_id": "5", "object_repr": "CarlaB", "action_flag": 2, "change_message": "[{\"changed\": {\"fields\": [\"Active\"]}}]"}}, {"model": "admin.logentry", "pk": 54, "fields": {"action_time": "2022-10-12T19:01:50.033Z", "user": 1, "content_type": 9, "object_id": "3", "object_repr": "Team #1", "action_flag": 2, "change_message": "[{\"deleted\": {\"name\": \"TeamMate\", \"object\": \"Team #1 / Jean Dupond (JD)\"}}]"}}, {"model": "admin.logentry", "pk": 55, "fields": {"action_time": "2022-10-12T20:45:12.252Z", "user": 1, "content_type": 29, "object_id": "1", "object_repr": "4644436c7eca4413223adf4495e9b757a3820c9f", "action_flag": 1, "change_message": "[{\"added\": {}}]"}}, {"model": "admin.logentry", "pk": 56, "fields": {"action_time": "2022-10-12T21:29:28.297Z", "user": 1, "content_type": 4, "object_id": "6", "object_repr": "test2", "action_flag": 1, "change_message": "[{\"added\": {}}]"}}, {"model": "admin.logentry", "pk": 57, "fields": {"action_time": "2022-10-12T21:29:35.632Z", "user": 1, "content_type": 4, "object_id": "7", "object_repr": "test3", "action_flag": 1, "change_message": "[{\"added\": {}}]"}}, {"model": "admin.logentry", "pk": 58, "fields": {"action_time": "2022-10-12T21:29:43.708Z", "user": 1, "content_type": 4, "object_id": "7", "object_repr": "test3", "action_flag": 2, "change_message": "[{\"changed\": {\"fields\": [\"First name\", \"Last name\"]}}]"}}, {"model": "admin.logentry", "pk": 59, "fields": {"action_time": "2022-10-12T21:29:54.438Z", "user": 1, "content_type": 4, "object_id": "6", "object_repr": "test2", "action_flag": 2, "change_message": "[{\"changed\": {\"fields\": [\"First name\", \"Last name\"]}}]"}}, {"model": "admin.logentry", "pk": 60, "fields": {"action_time": "2022-10-12T21:30:04.885Z", "user": 1, "content_type": 7, "object_id": "6", "object_repr": "Test2 Name2 (test2)", "action_flag": 1, "change_message": "[{\"added\": {}}]"}}, {"model": "admin.logentry", "pk": 61, "fields": {"action_time": "2022-10-12T21:30:24.698Z", "user": 1, "content_type": 7, "object_id": "7", "object_repr": "Test3 Name 3 (test3)", "action_flag": 1, "change_message": "[{\"added\": {}}]"}}, {"model": "admin.logentry", "pk": 62, "fields": {"action_time": "2022-10-12T21:30:36.408Z", "user": 1, "content_type": 7, "object_id": "6", "object_repr": "Test2 Name2 (test2)", "action_flag": 3, "change_message": ""}}, {"model": "admin.logentry", "pk": 63, "fields": {"action_time": "2022-10-13T13:25:17.854Z", "user": 8, "content_type": 4, "object_id": "1", "object_repr": "ben", "action_flag": 2, "change_message": "[{\"changed\": {\"fields\": [\"Active\"]}}]"}}, {"model": "admin.logentry", "pk": 64, "fields": {"action_time": "2022-10-13T13:26:35.449Z", "user": 1, "content_type": 4, "object_id": "5", "object_repr": "CarlaB", "action_flag": 2, "change_message": "[{\"changed\": {\"fields\": [\"password\"]}}]"}}, {"model": "admin.logentry", "pk": 65, "fields": {"action_time": "2022-10-13T13:40:14.105Z", "user": 1, "content_type": 4, "object_id": "5", "object_repr": "CarlaB", "action_flag": 2, "change_message": "[{\"changed\": {\"fields\": [\"Active\"]}}]"}}, {"model": "admin.logentry", "pk": 66, "fields": {"action_time": "2022-10-13T18:47:11.558Z", "user": 8, "content_type": 4, "object_id": "1", "object_repr": "ben", "action_flag": 2, "change_message": "[{\"changed\": {\"fields\": [\"Active\"]}}]"}}, {"model": "admin.logentry", "pk": 67, "fields": {"action_time": "2022-10-13T18:52:33.566Z", "user": 1, "content_type": 9, "object_id": "2", "object_repr": "Team #2", "action_flag": 2, "change_message": "[{\"deleted\": {\"name\": \"TeamMate\", \"object\": \"Team #2 / Ben Legendre (ben)\"}}, {\"deleted\": {\"name\": \"TeamMate\", \"object\": \"Team #2 / Tben Tleg (BenTest)\"}}]"}}, {"model": "admin.logentry", "pk": 68, "fields": {"action_time": "2022-10-13T18:52:42.529Z", "user": 1, "content_type": 9, "object_id": "2", "object_repr": "Team #2", "action_flag": 2, "change_message": "[{\"added\": {\"name\": \"TeamMate\", \"object\": \"Team #2 / Jean Dupond (JD)\"}}]"}}, {"model": "admin.logentry", "pk": 69, "fields": {"action_time": "2022-10-13T20:15:27.337Z", "user": 1, "content_type": 7, "object_id": "7", "object_repr": "Test3 Name 3 (test3)", "action_flag": 2, "change_message": "[{\"added\": {\"name\": \"Status\", \"object\": \"Test3 Name 3  : Attach\\u00e9 de Recherche Clinique\"}}, {\"added\": {\"name\": \"Status\", \"object\": \"Test3 Name 3  : Charg\\u00e9 de Recherche\"}}]"}}, {"model": "admin.logentry", "pk": 70, "fields": {"action_time": "2022-10-15T11:26:29.050Z", "user": 1, "content_type": 7, "object_id": "8", "object_repr": "Test2 Name2 (test2)", "action_flag": 3, "change_message": ""}}, {"model": "admin.logentry", "pk": 71, "fields": {"action_time": "2022-10-15T11:32:10.998Z", "user": 1, "content_type": 7, "object_id": "9", "object_repr": "Test2 Name2 (test2)", "action_flag": 3, "change_message": ""}}, {"model": "admin.logentry", "pk": 72, "fields": {"action_time": "2022-10-15T12:24:44.528Z", "user": 1, "content_type": 7, "object_id": "10", "object_repr": "Test2 Name2 (test2)", "action_flag": 3, "change_message": ""}}, {"model": "admin.logentry", "pk": 73, "fields": {"action_time": "2022-10-15T12:25:26.862Z", "user": 1, "content_type": 7, "object_id": "11", "object_repr": "Test2 Name2 (test2)", "action_flag": 3, "change_message": ""}}, {"model": "admin.logentry", "pk": 74, "fields": {"action_time": "2022-10-15T12:38:42.563Z", "user": 1, "content_type": 7, "object_id": "12", "object_repr": "Test2 Name2 (test2)", "action_flag": 3, "change_message": ""}}, {"model": "admin.logentry", "pk": 75, "fields": {"action_time": "2022-10-15T12:39:44.763Z", "user": 1, "content_type": 7, "object_id": "13", "object_repr": "Test2 Name2 (test2)", "action_flag": 3, "change_message": ""}}, {"model": "admin.logentry", "pk": 76, "fields": {"action_time": "2022-10-15T12:52:01.110Z", "user": 1, "content_type": 7, "object_id": "14", "object_repr": "Test2 Name2 (test2)", "action_flag": 3, "change_message": ""}}, {"model": "admin.logentry", "pk": 77, "fields": {"action_time": "2022-10-15T12:52:45.691Z", "user": 1, "content_type": 7, "object_id": "15", "object_repr": "Test2 Name2 (test2)", "action_flag": 3, "change_message": ""}}, {"model": "admin.logentry", "pk": 78, "fields": {"action_time": "2022-10-15T12:53:35.083Z", "user": 1, "content_type": 7, "object_id": "16", "object_repr": "Test2 Name2 (test2)", "action_flag": 3, "change_message": ""}}, {"model": "admin.logentry", "pk": 79, "fields": {"action_time": "2022-10-15T13:07:34.909Z", "user": 1, "content_type": 7, "object_id": "17", "object_repr": "Test2 Name2 (test2)", "action_flag": 3, "change_message": ""}}, {"model": "admin.logentry", "pk": 80, "fields": {"action_time": "2022-10-15T13:12:23.456Z", "user": 1, "content_type": 7, "object_id": "18", "object_repr": "Test2 Name2 (test2)", "action_flag": 3, "change_message": ""}}, {"model": "admin.logentry", "pk": 81, "fields": {"action_time": "2022-10-15T13:12:50.088Z", "user": 1, "content_type": 7, "object_id": "19", "object_repr": "Test2 Name2 (test2)", "action_flag": 3, "change_message": ""}}, {"model": "admin.logentry", "pk": 82, "fields": {"action_time": "2022-10-16T14:28:38.183Z", "user": 1, "content_type": 17, "object_id": "1", "object_repr": "ANR", "action_flag": 1, "change_message": "[{\"added\": {}}]"}}, {"model": "admin.logentry", "pk": 83, "fields": {"action_time": "2022-10-16T14:28:55.288Z", "user": 1, "content_type": 17, "object_id": "2", "object_repr": "SFD", "action_flag": 1, "change_message": "[{\"added\": {}}]"}}, {"model": "admin.logentry", "pk": 84, "fields": {"action_time": "2022-10-16T14:29:10.328Z", "user": 1, "content_type": 17, "object_id": "3", "object_repr": "FRM", "action_flag": 1, "change_message": "[{\"added\": {}}]"}}, {"model": "admin.logentry", "pk": 85, "fields": {"action_time": "2022-10-16T14:29:29.562Z", "user": 1, "content_type": 15, "object_id": "1", "object_repr": "Fonctionnement", "action_flag": 1, "change_message": "[{\"added\": {}}]"}}, {"model": "admin.logentry", "pk": 86, "fields": {"action_time": "2022-10-16T14:39:32.304Z", "user": 1, "content_type": 15, "object_id": "2", "object_repr": "Ressource Humaine", "action_flag": 1, "change_message": "[{\"added\": {}}]"}}, {"model": "admin.logentry", "pk": 87, "fields": {"action_time": "2022-10-16T14:39:46.075Z", "user": 1, "content_type": 15, "object_id": "3", "object_repr": "Ressource Humaine CDD", "action_flag": 1, "change_message": "[{\"added\": {}}]"}}, {"model": "admin.logentry", "pk": 88, "fields": {"action_time": "2022-10-16T14:39:58.475Z", "user": 1, "content_type": 15, "object_id": "4", "object_repr": "Ressource Humaine CDI", "action_flag": 1, "change_message": "[{\"added\": {}}]"}}, {"model": "admin.logentry", "pk": 89, "fields": {"action_time": "2022-10-16T14:40:11.002Z", "user": 1, "content_type": 15, "object_id": "4", "object_repr": "Ressource Humaine CDI", "action_flag": 2, "change_message": "[{\"changed\": {\"fields\": [\"Parent\"]}}]"}}, {"model": "admin.logentry", "pk": 90, "fields": {"action_time": "2022-10-16T14:40:22.016Z", "user": 1, "content_type": 15, "object_id": "5", "object_repr": "Equipement", "action_flag": 1, "change_message": "[{\"added\": {}}]"}}, {"model": "admin.logentry", "pk": 91, "fields": {"action_time": "2022-10-16T14:41:37.556Z", "user": 1, "content_type": 15, "object_id": "6", "object_repr": "Prestation", "action_flag": 1, "change_message": "[{\"added\": {}}]"}}, {"model": "admin.logentry", "pk": 92, "fields": {"action_time": "2022-10-16T14:41:50.763Z", "user": 1, "content_type": 15, "object_id": "7", "object_repr": "Frais de Gestion", "action_flag": 1, "change_message": "[{\"added\": {}}]"}}, {"model": "admin.logentry", "pk": 93, "fields": {"action_time": "2022-10-16T14:42:07.171Z", "user": 1, "content_type": 15, "object_id": "8", "object_repr": "Frais de Gestion Institutionnel", "action_flag": 1, "change_message": "[{\"added\": {}}]"}}, {"model": "admin.logentry", "pk": 94, "fields": {"action_time": "2022-10-16T14:42:16.806Z", "user": 1, "content_type": 15, "object_id": "9", "object_repr": "Frais de Gesiton Labo", "action_flag": 1, "change_message": "[{\"added\": {}}]"}}, {"model": "admin.logentry", "pk": 95, "fields": {"action_time": "2022-10-16T15:00:26.097Z", "user": 1, "content_type": 16, "object_id": "1", "object_repr": "PreciNASH | ANR -> Inserm", "action_flag": 1, "change_message": "[{\"added\": {}}, {\"added\": {\"name\": \"Fund Line\", \"object\": \"Fund_Item object (1)\"}}]"}}, {"model": "admin.logentry", "pk": 96, "fields": {"action_time": "2022-10-16T15:00:39.370Z", "user": 1, "content_type": 16, "object_id": "1", "object_repr": "PreciNASH | ANR -> Inserm", "action_flag": 2, "change_message": "[{\"added\": {\"name\": \"Fund Line\", \"object\": \"Fund_Item object (2)\"}}]"}}, {"model": "admin.logentry", "pk": 97, "fields": {"action_time": "2022-10-16T15:01:15.676Z", "user": 1, "content_type": 13, "object_id": "2", "object_repr": "Integra", "action_flag": 1, "change_message": "[{\"added\": {}}]"}}, {"model": "admin.logentry", "pk": 98, "fields": {"action_time": "2022-10-16T15:01:23.021Z", "user": 1, "content_type": 13, "object_id": "2", "object_repr": "Integra", "action_flag": 2, "change_message": "[{\"added\": {\"name\": \"Partner Institution\", \"object\": \"Institution_Participant object (5)\"}}]"}}, {"model": "admin.logentry", "pk": 99, "fields": {"action_time": "2022-10-16T15:01:54.437Z", "user": 1, "content_type": 16, "object_id": "2", "object_repr": "Integra | SFD -> CHU Lille", "action_flag": 1, "change_message": "[{\"added\": {}}, {\"added\": {\"name\": \"Fund Line\", \"object\": \"Fund_Item object (3)\"}}]"}}, {"model": "admin.logentry", "pk": 100, "fields": {"action_time": "2022-10-16T15:02:02.983Z", "user": 1, "content_type": 16, "object_id": "2", "object_repr": "Integra | SFD -> CHU Lille", "action_flag": 2, "change_message": "[{\"added\": {\"name\": \"Fund Line\", \"object\": \"Fund_Item object (4)\"}}]"}}, {"model": "admin.logentry", "pk": 101, "fields": {"action_time": "2022-10-16T15:02:33.534Z", "user": 1, "content_type": 20, "object_id": "1", "object_repr": "Ben Legendre (ben)", "action_flag": 1, "change_message": "[{\"added\": {}}]"}}, {"model": "admin.logentry", "pk": 102, "fields": {"action_time": "2022-10-16T15:02:36.199Z", "user": 1, "content_type": 20, "object_id": "1", "object_repr": "Ben Legendre (ben)", "action_flag": 2, "change_message": "[]"}}, {"model": "admin.logentry", "pk": 103, "fields": {"action_time": "2022-10-16T15:02:51.192Z", "user": 1, "content_type": 20, "object_id": "2", "object_repr": "Ben Legendre (ben)", "action_flag": 1, "change_message": "[{\"added\": {}}]"}}, {"model": "admin.logentry", "pk": 104, "fields": {"action_time": "2022-10-16T15:54:50.784Z", "user": 1, "content_type": 20, "object_id": "3", "object_repr": "Carla Bouafshour (CarlaB)", "action_flag": 1, "change_message": "[{\"added\": {}}]"}}, {"model": "admin.logentry", "pk": 105, "fields": {"action_time": "2022-10-16T15:55:05.755Z", "user": 1, "content_type": 20, "object_id": "4", "object_repr": "Carla Bouafshour (CarlaB)", "action_flag": 1, "change_message": "[{\"added\": {}}]"}}, {"model": "admin.logentry", "pk": 106, "fields": {"action_time": "2022-10-18T12:10:45.997Z", "user": 1, "content_type": 11, "object_id": "10", "object_repr": "Ben Legendre  : Master1", "action_flag": 3, "change_message": ""}}, {"model": "admin.logentry", "pk": 107, "fields": {"action_time": "2022-10-18T12:10:46.005Z", "user": 1, "content_type": 11, "object_id": "9", "object_repr": "Ben Legendre  : Master2", "action_flag": 3, "change_message": ""}}, {"model": "admin.logentry", "pk": 108, "fields": {"action_time": "2022-10-18T12:10:46.015Z", "user": 1, "content_type": 11, "object_id": "8", "object_repr": "Ben Legendre  : Directeur de Recherche", "action_flag": 3, "change_message": ""}}, {"model": "admin.logentry", "pk": 109, "fields": {"action_time": "2022-10-18T14:51:37.663Z", "user": 1, "content_type": 11, "object_id": "12", "object_repr": "Ben Legendre  : Doctorant", "action_flag": 3, "change_message": ""}}, {"model": "admin.logentry", "pk": 110, "fields": {"action_time": "2022-10-18T14:51:37.671Z", "user": 1, "content_type": 11, "object_id": "11", "object_repr": "Ben Legendre  : Doctorant", "action_flag": 3, "change_message": ""}}, {"model": "admin.logentry", "pk": 111, "fields": {"action_time": "2022-10-19T14:22:35.422Z", "user": 1, "content_type": 11, "object_id": "18", "object_repr": "Carla Bouafshour  : Directeur de Recherche", "action_flag": 3, "change_message": ""}}, {"model": "admin.logentry", "pk": 112, "fields": {"action_time": "2022-10-19T14:22:35.428Z", "user": 1, "content_type": 11, "object_id": "17", "object_repr": "Carla Bouafshour  : Project Manager", "action_flag": 3, "change_message": ""}}, {"model": "admin.logentry", "pk": 113, "fields": {"action_time": "2022-10-19T14:22:35.437Z", "user": 1, "content_type": 11, "object_id": "16", "object_repr": "Carla Bouafshour  : Chargé de Recherche", "action_flag": 3, "change_message": ""}}, {"model": "admin.logentry", "pk": 114, "fields": {"action_time": "2022-10-19T14:22:35.444Z", "user": 1, "content_type": 11, "object_id": "15", "object_repr": "Carla Bouafshour  : Master2", "action_flag": 3, "change_message": ""}}, {"model": "admin.logentry", "pk": 115, "fields": {"action_time": "2022-10-19T14:22:35.450Z", "user": 1, "content_type": 11, "object_id": "14", "object_repr": "Carla Bouafshour  : Project Manager", "action_flag": 3, "change_message": ""}}, {"model": "admin.logentry", "pk": 116, "fields": {"action_time": "2022-10-20T06:06:13.346Z", "user": 1, "content_type": 13, "object_id": "1", "object_repr": "PreciNASH", "action_flag": 2, "change_message": "[{\"added\": {\"name\": \"Participant\", \"object\": \"Carla Bouafshour (CarlaB)\"}}]"}}, {"model": "admin.logentry", "pk": 117, "fields": {"action_time": "2022-10-20T06:06:36.784Z", "user": 1, "content_type": 13, "object_id": "1", "object_repr": "PreciNASH", "action_flag": 2, "change_message": "[{\"added\": {\"name\": \"Participant\", \"object\": \"Jean Dupond (JD)\"}}, {\"added\": {\"name\": \"Participant\", \"object\": \"Jeannie Rouach (JR)\"}}, {\"added\": {\"name\": \"Participant\", \"object\": \"Jean Dupond (JD)\"}}]"}}, {"model": "admin.logentry", "pk": 118, "fields": {"action_time": "2022-10-20T06:06:41.477Z", "user": 1, "content_type": 13, "object_id": "1", "object_repr": "PreciNASH", "action_flag": 2, "change_message": "[{\"deleted\": {\"name\": \"Participant\", \"object\": \"Jean Dupond (JD)\"}}]"}}, {"model": "admin.logentry", "pk": 119, "fields": {"action_time": "2022-10-20T06:11:09.391Z", "user": 1, "content_type": 13, "object_id": "1", "object_repr": "PreciNASH", "action_flag": 2, "change_message": "[]"}}, {"model": "admin.logentry", "pk": 120, "fields": {"action_time": "2022-10-20T08:37:46.456Z", "user": 1, "content_type": 13, "object_id": "1", "object_repr": "PreciNASH", "action_flag": 2, "change_message": "[{\"changed\": {\"name\": \"Participant\", \"object\": \"Carla Bouafshour (CarlaB)\", \"fields\": [\"Time qutotity\"]}}, {\"changed\": {\"name\": \"Participant\", \"object\": \"Jean Dupond (JD)\", \"fields\": [\"Time qutotity\"]}}]"}}, {"model": "admin.logentry", "pk": 121, "fields": {"action_time": "2022-10-20T08:38:23.650Z", "user": 1, "content_type": 13, "object_id": "2", "object_repr": "Integra", "action_flag": 2, "change_message": "[{\"added\": {\"name\": \"Participant\", \"object\": \"Ben Legendre (ben)\"}}, {\"added\": {\"name\": \"Participant\", \"object\": \"Test2 Name2 (test2)\"}}]"}}, {"model": "admin.logentry", "pk": 122, "fields": {"action_time": "2022-10-20T09:10:53.322Z", "user": 1, "content_type": 13, "object_id": "1", "object_repr": "PreciNASH", "action_flag": 2, "change_message": "[{\"added\": {\"name\": \"Participant\", \"object\": \"Ben Legendre (ben)\"}}]"}}, {"model": "admin.logentry", "pk": 123, "fields": {"action_time": "2022-10-20T09:35:55.625Z", "user": 1, "content_type": 13, "object_id": "2", "object_repr": "Integra", "action_flag": 2, "change_message": "[{\"changed\": {\"name\": \"Participant\", \"object\": \"Ben Legendre (ben)\", \"fields\": [\"Time qutotity\"]}}]"}}, {"model": "admin.logentry", "pk": 124, "fields": {"action_time": "2022-10-20T14:46:20.997Z", "user": 1, "content_type": 16, "object_id": "3", "object_repr": "Integra | FRM -> CHU Lille", "action_flag": 1, "change_message": "[{\"added\": {}}, {\"added\": {\"name\": \"Fund Line\", \"object\": \"Fund_Item object (5)\"}}]"}}, {"model": "admin.logentry", "pk": 125, "fields": {"action_time": "2022-10-20T15:02:56.301Z", "user": 1, "content_type": 19, "object_id": "1", "object_repr": "PreciNASH | ANR -> Inserm/Equipement: 12000 (r)", "action_flag": 1, "change_message": "[{\"added\": {}}]"}}, {"model": "admin.logentry", "pk": 126, "fields": {"action_time": "2022-10-21T08:38:21.373Z", "user": 1, "content_type": 17, "object_id": "1", "object_repr": "ANR", "action_flag": 1, "change_message": "[{\"added\": {}}]"}}, {"model": "admin.logentry", "pk": 127, "fields": {"action_time": "2022-10-21T08:38:27.037Z", "user": 1, "content_type": 17, "object_id": "2", "object_repr": "SFD", "action_flag": 1, "change_message": "[{\"added\": {}}]"}}, {"model": "admin.logentry", "pk": 128, "fields": {"action_time": "2022-10-21T08:38:34.672Z", "user": 1, "content_type": 17, "object_id": "3", "object_repr": "FRM", "action_flag": 1, "change_message": "[{\"added\": {}}]"}}, {"model": "admin.logentry", "pk": 129, "fields": {"action_time": "2022-10-21T08:38:46.952Z", "user": 1, "content_type": 15, "object_id": "1", "object_repr": "Fonctionnement", "action_flag": 1, "change_message": "[{\"added\": {}}]"}}, {"model": "admin.logentry", "pk": 130, "fields": {"action_time": "2022-10-21T08:38:54.124Z", "user": 1, "content_type": 15, "object_id": "2", "object_repr": "Ressource Humaine", "action_flag": 1, "change_message": "[{\"added\": {}}]"}}, {"model": "admin.logentry", "pk": 131, "fields": {"action_time": "2022-10-21T08:39:03.153Z", "user": 1, "content_type": 15, "object_id": "3", "object_repr": "Ressource Humaine CDD", "action_flag": 1, "change_message": "[{\"added\": {}}]"}}, {"model": "admin.logentry", "pk": 132, "fields": {"action_time": "2022-10-21T08:39:10.327Z", "user": 1, "content_type": 15, "object_id": "4", "object_repr": "Ressource Humaine CDI", "action_flag": 1, "change_message": "[{\"added\": {}}]"}}, {"model": "admin.logentry", "pk": 133, "fields": {"action_time": "2022-10-21T08:39:22.355Z", "user": 1, "content_type": 15, "object_id": "5", "object_repr": "Frais de Gestion", "action_flag": 1, "change_message": "[{\"added\": {}}]"}}, {"model": "admin.logentry", "pk": 134, "fields": {"action_time": "2022-10-21T08:40:13.681Z", "user": 1, "content_type": 16, "object_id": "1", "object_repr": "PreciNASH | ANR -> Inserm", "action_flag": 1, "change_message": "[{\"added\": {}}, {\"added\": {\"name\": \"Fund Line\", \"object\": \"Fund_Item object (1)\"}}, {\"added\": {\"name\": \"Fund Line\", \"object\": \"Fund_Item object (2)\"}}, {\"added\": {\"name\": \"Fund Line\", \"object\": \"Fund_Item object (3)\"}}]"}}, {"model": "admin.logentry", "pk": 135, "fields": {"action_time": "2022-10-21T08:40:50.663Z", "user": 1, "content_type": 16, "object_id": "2", "object_repr": "Integra | SFD -> CHU Lille", "action_flag": 1, "change_message": "[{\"added\": {}}, {\"added\": {\"name\": \"Fund Line\", \"object\": \"Fund_Item object (4)\"}}, {\"added\": {\"name\": \"Fund Line\", \"object\": \"Fund_Item object (5)\"}}]"}}, {"model": "admin.logentry", "pk": 136, "fields": {"action_time": "2022-10-21T08:41:13.474Z", "user": 1, "content_type": 16, "object_id": "3", "object_repr": "Integra | FRM -> Pasteur Lille", "action_flag": 1, "change_message": "[{\"added\": {}}, {\"added\": {\"name\": \"Fund Line\", \"object\": \"Fund_Item object (6)\"}}]"}}, {"model": "admin.logentry", "pk": 137, "fields": {"action_time": "2022-10-22T11:34:47.121Z", "user": 1, "content_type": 20, "object_id": "1", "object_repr": "Ben Legendre (ben)", "action_flag": 1, "change_message": "[{\"added\": {}}]"}}, {"model": "admin.logentry", "pk": 138, "fields": {"action_time": "2022-10-22T11:35:09.667Z", "user": 1, "content_type": 20, "object_id": "2", "object_repr": "Ben Legendre (ben)", "action_flag": 1, "change_message": "[{\"added\": {}}]"}}, {"model": "admin.logentry", "pk": 139, "fields": {"action_time": "2022-10-22T11:35:25.629Z", "user": 1, "content_type": 20, "object_id": "3", "object_repr": "Carla Bouafshour (CarlaB)", "action_flag": 1, "change_message": "[{\"added\": {}}]"}}, {"model": "admin.logentry", "pk": 140, "fields": {"action_time": "2022-10-22T13:11:33.518Z", "user": 1, "content_type": 21, "object_id": "1", "object_repr": "PreciNASH | ANR -> Inserm/Fonctionnement: 12 (r)", "action_flag": 1, "change_message": "[{\"added\": {}}]"}}, {"model": "admin.logentry", "pk": 141, "fields": {"action_time": "2022-10-22T13:11:40.030Z", "user": 1, "content_type": 21, "object_id": "1", "object_repr": "PreciNASH | ANR -> Inserm/Ressource Humaine CDD: 12.00 (r)", "action_flag": 2, "change_message": "[{\"changed\": {\"fields\": [\"Type\"]}}]"}}, {"model": "admin.logentry", "pk": 142, "fields": {"action_time": "2022-10-22T13:22:38.933Z", "user": 1, "content_type": 21, "object_id": "1", "object_repr": "PreciNASH | ANR -> Inserm/Ressource Humaine CDD: 12.00 (r)", "action_flag": 3, "change_message": ""}}, {"model": "admin.logentry", "pk": 143, "fields": {"action_time": "2022-10-22T13:29:04.420Z", "user": 1, "content_type": 21, "object_id": "2", "object_repr": "PreciNASH | ANR -> Inserm/Fonctionnement: 12 (e)", "action_flag": 1, "change_message": "[{\"added\": {}}]"}}, {"model": "admin.logentry", "pk": 144, "fields": {"action_time": "2022-10-22T13:29:42.583Z", "user": 1, "content_type": 21, "object_id": "2", "object_repr": "PreciNASH | ANR -> Inserm/Fonctionnement: 12.00 (e)", "action_flag": 3, "change_message": ""}}, {"model": "admin.logentry", "pk": 145, "fields": {"action_time": "2022-10-22T13:30:41.985Z", "user": 1, "content_type": 21, "object_id": "3", "object_repr": "PreciNASH | ANR -> Inserm/Fonctionnement: 12 (e)", "action_flag": 1, "change_message": "[{\"added\": {}}]"}}, {"model": "admin.logentry", "pk": 146, "fields": {"action_time": "2022-10-22T13:31:19.320Z", "user": 1, "content_type": 21, "object_id": "3", "object_repr": "PreciNASH | ANR -> Inserm/Fonctionnement: 12.00 (e)", "action_flag": 2, "change_message": "[]"}}, {"model": "admin.logentry", "pk": 147, "fields": {"action_time": "2022-10-22T13:31:21.470Z", "user": 1, "content_type": 21, "object_id": "3", "object_repr": "PreciNASH | ANR -> Inserm/Frais de Gestion: 12.00 (e)", "action_flag": 2, "change_message": "[{\"changed\": {\"fields\": [\"Type\"]}}]"}}, {"model": "admin.logentry", "pk": 148, "fields": {"action_time": "2022-10-22T13:31:31.546Z", "user": 1, "content_type": 21, "object_id": "4", "object_repr": "PreciNASH | ANR -> Inserm/Frais de Gestion: 12 (e)", "action_flag": 1, "change_message": "[{\"added\": {}}]"}}, {"model": "admin.logentry", "pk": 149, "fields": {"action_time": "2022-10-22T13:31:39.340Z", "user": 1, "content_type": 21, "object_id": "4", "object_repr": "PreciNASH | ANR -> Inserm/Frais de Gestion: 12.00 (e)", "action_flag": 3, "change_message": ""}}, {"model": "admin.logentry", "pk": 150, "fields": {"action_time": "2022-10-22T13:31:39.347Z", "user": 1, "content_type": 21, "object_id": "3", "object_repr": "PreciNASH | ANR -> Inserm/Frais de Gestion: 12.00 (e)", "action_flag": 3, "change_message": ""}}, {"model": "admin.logentry", "pk": 151, "fields": {"action_time": "2022-10-22T13:33:29.287Z", "user": 1, "content_type": 21, "object_id": "5", "object_repr": "Integra | SFD -> CHU Lille/Frais de Gestion: 12 (e)", "action_flag": 1, "change_message": "[{\"added\": {}}]"}}, {"model": "admin.logentry", "pk": 152, "fields": {"action_time": "2022-10-22T13:35:41.345Z", "user": 1, "content_type": 21, "object_id": "6", "object_repr": "Integra | SFD -> CHU Lille/Frais de Gestion: 12 (e)", "action_flag": 1, "change_message": "[{\"added\": {}}]"}}, {"model": "admin.logentry", "pk": 153, "fields": {"action_time": "2022-10-22T13:36:22.722Z", "user": 1, "content_type": 21, "object_id": "7", "object_repr": "PreciNASH | ANR -> Inserm/Frais de Gestion: 123 (e)", "action_flag": 1, "change_message": "[{\"added\": {}}]"}}, {"model": "admin.logentry", "pk": 154, "fields": {"action_time": "2022-10-22T13:37:17.512Z", "user": 1, "content_type": 21, "object_id": "7", "object_repr": "PreciNASH | ANR -> Inserm/Frais de Gestion: 123.00 (e)", "action_flag": 2, "change_message": "[]"}}, {"model": "admin.logentry", "pk": 155, "fields": {"action_time": "2022-10-22T13:37:27.394Z", "user": 1, "content_type": 21, "object_id": "8", "object_repr": "PreciNASH | ANR -> Inserm/Frais de Gestion: 142 (p)", "action_flag": 1, "change_message": "[{\"added\": {}}]"}}, {"model": "admin.logentry", "pk": 156, "fields": {"action_time": "2022-10-22T13:37:36.428Z", "user": 1, "content_type": 21, "object_id": "8", "object_repr": "PreciNASH | ANR -> Inserm/Frais de Gestion: 142.00 (p)", "action_flag": 3, "change_message": ""}}, {"model": "admin.logentry", "pk": 157, "fields": {"action_time": "2022-10-22T13:37:36.441Z", "user": 1, "content_type": 21, "object_id": "7", "object_repr": "PreciNASH | ANR -> Inserm/Frais de Gestion: 123.00 (e)", "action_flag": 3, "change_message": ""}}, {"model": "admin.logentry", "pk": 158, "fields": {"action_time": "2022-10-22T13:37:36.448Z", "user": 1, "content_type": 21, "object_id": "6", "object_repr": "Integra | SFD -> CHU Lille/Frais de Gestion: 12.00 (e)", "action_flag": 3, "change_message": ""}}, {"model": "admin.logentry", "pk": 159, "fields": {"action_time": "2022-10-22T13:37:36.456Z", "user": 1, "content_type": 21, "object_id": "5", "object_repr": "Integra | SFD -> CHU Lille/Frais de Gestion: 12.00 (e)", "action_flag": 3, "change_message": ""}}, {"model": "admin.logentry", "pk": 160, "fields": {"action_time": "2022-10-22T13:52:29.191Z", "user": 1, "content_type": 20, "object_id": "1", "object_repr": "Ben Legendre (ben)", "action_flag": 1, "change_message": "[{\"added\": {}}]"}}, {"model": "admin.logentry", "pk": 161, "fields": {"action_time": "2022-10-23T03:06:35.044Z", "user": 1, "content_type": 21, "object_id": "1", "object_repr": "PreciNASH | ANR -> Inserm/Ressource Humaine: 12 (r)", "action_flag": 1, "change_message": "[{\"added\": {}}]"}}, {"model": "admin.logentry", "pk": 162, "fields": {"action_time": "2022-10-23T03:35:53.076Z", "user": 1, "content_type": 20, "object_id": "2", "object_repr": "Carla Bouafshour (CarlaB)", "action_flag": 1, "change_message": "[{\"added\": {}}]"}}, {"model": "admin.logentry", "pk": 163, "fields": {"action_time": "2022-10-23T03:36:09.412Z", "user": 1, "content_type": 20, "object_id": "3", "object_repr": "Carla Bouafshour (CarlaB)", "action_flag": 1, "change_message": "[{\"added\": {}}]"}}, {"model": "admin.logentry", "pk": 164, "fields": {"action_time": "2022-10-23T03:39:38.922Z", "user": 1, "content_type": 20, "object_id": "1", "object_repr": "Ben Legendre (ben)", "action_flag": 2, "change_message": "[{\"added\": {\"name\": \"Contract Expense\", \"object\": \"PreciNASH | ANR -> Inserm/Ressource Humaine CDD: 54000 (r)\"}}]"}}, {"model": "admin.logentry", "pk": 165, "fields": {"action_time": "2022-10-23T05:15:18.878Z", "user": 1, "content_type": 21, "object_id": "6", "object_repr": "Integra | SFD -> CHU Lille/Ressource Humaine CDD: 54000.00 (e)", "action_flag": 3, "change_message": ""}}, {"model": "admin.logentry", "pk": 166, "fields": {"action_time": "2022-10-23T05:15:18.884Z", "user": 1, "content_type": 21, "object_id": "5", "object_repr": "Integra | SFD -> CHU Lille/Ressource Humaine CDD: 54000.00 (e)", "action_flag": 3, "change_message": ""}}, {"model": "admin.logentry", "pk": 167, "fields": {"action_time": "2022-10-23T05:15:18.891Z", "user": 1, "content_type": 21, "object_id": "3", "object_repr": "PreciNASH | ANR -> Inserm/Ressource Humaine: 12.00 (p)", "action_flag": 3, "change_message": ""}}, {"model": "admin.logentry", "pk": 168, "fields": {"action_time": "2022-10-23T05:15:18.899Z", "user": 1, "content_type": 21, "object_id": "2", "object_repr": "PreciNASH | ANR -> Inserm/Ressource Humaine CDD: 54000.00 (r)", "action_flag": 3, "change_message": ""}}, {"model": "admin.logentry", "pk": 169, "fields": {"action_time": "2022-10-23T05:16:23.333Z", "user": 1, "content_type": 21, "object_id": "8", "object_repr": "Integra | FRM -> Pasteur Lille/Ressource Humaine: 10.00 (e)", "action_flag": 3, "change_message": ""}}, {"model": "admin.logentry", "pk": 170, "fields": {"action_time": "2022-10-23T05:16:23.339Z", "user": 1, "content_type": 21, "object_id": "7", "object_repr": "Integra | FRM -> Pasteur Lille/Ressource Humaine: 10.00 (e)", "action_flag": 3, "change_message": ""}}, {"model": "admin.logentry", "pk": 171, "fields": {"action_time": "2022-10-23T05:41:53.927Z", "user": 1, "content_type": 21, "object_id": "11", "object_repr": "Integra | SFD -> CHU Lille/Ressource Humaine: 12.00 (e)", "action_flag": 3, "change_message": ""}}, {"model": "admin.logentry", "pk": 172, "fields": {"action_time": "2022-10-23T05:41:53.934Z", "user": 1, "content_type": 21, "object_id": "10", "object_repr": "Integra | SFD -> CHU Lille/Ressource Humaine: 12.00 (e)", "action_flag": 3, "change_message": ""}}, {"model": "admin.logentry", "pk": 173, "fields": {"action_time": "2022-10-23T05:43:33.053Z", "user": 1, "content_type": 21, "object_id": "12", "object_repr": "Integra | SFD -> CHU Lille/Ressource Humaine CDD: 12.00 (e)", "action_flag": 3, "change_message": ""}}, {"model": "admin.logentry", "pk": 174, "fields": {"action_time": "2022-10-23T05:45:38.314Z", "user": 1, "content_type": 21, "object_id": "14", "object_repr": "Integra | SFD -> CHU Lille/Ressource Humaine CDD: 22.00 (e)", "action_flag": 3, "change_message": ""}}, {"model": "admin.logentry", "pk": 175, "fields": {"action_time": "2022-10-23T05:45:38.323Z", "user": 1, "content_type": 21, "object_id": "13", "object_repr": "Integra | SFD -> CHU Lille/Ressource Humaine CDD: 22.00 (e)", "action_flag": 3, "change_message": ""}}, {"model": "admin.logentry", "pk": 176, "fields": {"action_time": "2022-10-23T06:05:29.810Z", "user": 1, "content_type": 21, "object_id": "22", "object_repr": "Integra | SFD -> CHU Lille/Ressource Humaine: 43.00 (e)", "action_flag": 3, "change_message": ""}}, {"model": "admin.logentry", "pk": 177, "fields": {"action_time": "2022-10-23T06:05:29.818Z", "user": 1, "content_type": 21, "object_id": "21", "object_repr": "Integra | SFD -> CHU Lille/Ressource Humaine: 43.00 (e)", "action_flag": 3, "change_message": ""}}, {"model": "admin.logentry", "pk": 178, "fields": {"action_time": "2022-10-24T11:16:19.450Z", "user": 1, "content_type": 31, "object_id": "1", "object_repr": "Contract_type object (1)", "action_flag": 1, "change_message": "[{\"added\": {}}]"}}, {"model": "admin.logentry", "pk": 179, "fields": {"action_time": "2022-10-24T11:16:22.110Z", "user": 1, "content_type": 31, "object_id": "2", "object_repr": "Contract_type object (2)", "action_flag": 1, "change_message": "[{\"added\": {}}]"}}, {"model": "admin.logentry", "pk": 180, "fields": {"action_time": "2022-10-24T11:16:28.691Z", "user": 1, "content_type": 31, "object_id": "3", "object_repr": "Contract_type object (3)", "action_flag": 1, "change_message": "[{\"added\": {}}]"}}, {"model": "admin.logentry", "pk": 181, "fields": {"action_time": "2022-10-24T11:16:36.092Z", "user": 1, "content_type": 31, "object_id": "4", "object_repr": "Contract_type object (4)", "action_flag": 1, "change_message": "[{\"added\": {}}]"}}, {"model": "admin.logentry", "pk": 182, "fields": {"action_time": "2022-10-24T11:19:53.687Z", "user": 1, "content_type": 20, "object_id": "1", "object_repr": "Ben Legendre (ben) - PreciNASH | ANR -> Inserm", "action_flag": 2, "change_message": "[{\"changed\": {\"fields\": [\"Contract Type\"]}}]"}}, {"model": "admin.logentry", "pk": 183, "fields": {"action_time": "2022-10-24T11:20:23.572Z", "user": 1, "content_type": 20, "object_id": "1", "object_repr": "Ben Legendre (ben) - PreciNASH | ANR -> Inserm", "action_flag": 2, "change_message": "[{\"added\": {\"name\": \"Contract Expense\", \"object\": \"PreciNASH | ANR -> Inserm/Ressource Humaine CDD: 54000 (r)\"}}]"}}, {"model": "admin.logentry", "pk": 184, "fields": {"action_time": "2022-10-24T11:24:47.676Z", "user": 1, "content_type": 20, "object_id": "1", "object_repr": "Ben Legendre (ben) - PreciNASH | ANR -> Inserm", "action_flag": 2, "change_message": "[]"}}, {"model": "admin.logentry", "pk": 185, "fields": {"action_time": "2022-10-24T11:25:17.753Z", "user": 1, "content_type": 20, "object_id": "1", "object_repr": "Ben Legendre (ben) - PreciNASH | ANR -> Inserm", "action_flag": 2, "change_message": "[{\"changed\": {\"name\": \"Contract Expense\", \"object\": \"PreciNASH | ANR -> Inserm/Ressource Humaine CDD: 54000.00 (e)\", \"fields\": [\"Status\"]}}]"}}, {"model": "admin.logentry", "pk": 186, "fields": {"action_time": "2022-10-24T11:27:19.472Z", "user": 1, "content_type": 20, "object_id": "1", "object_repr": "Ben Legendre (ben) - PreciNASH | ANR -> Inserm", "action_flag": 2, "change_message": "[]"}}, {"model": "admin.logentry", "pk": 187, "fields": {"action_time": "2022-10-24T11:29:09.512Z", "user": 1, "content_type": 20, "object_id": "1", "object_repr": "Ben Legendre (ben) - PreciNASH | ANR -> Inserm", "action_flag": 2, "change_message": "[]"}}, {"model": "admin.logentry", "pk": 188, "fields": {"action_time": "2022-10-24T11:30:09.944Z", "user": 1, "content_type": 20, "object_id": "1", "object_repr": "Ben Legendre (ben) - PreciNASH | ANR -> Inserm", "action_flag": 2, "change_message": "[]"}}, {"model": "admin.logentry", "pk": 189, "fields": {"action_time": "2022-10-24T11:35:30.487Z", "user": 1, "content_type": 20, "object_id": "1", "object_repr": "Ben Legendre (ben) - PreciNASH | ANR -> Inserm", "action_flag": 2, "change_message": "[{\"changed\": {\"name\": \"Contract Expense\", \"object\": \"Integra | SFD -> CHU Lille/Ressource Humaine CDD: 54000.00 (e)\", \"fields\": [\"Related Fund\"]}}]"}}, {"model": "admin.logentry", "pk": 190, "fields": {"action_time": "2022-10-24T11:35:49.080Z", "user": 1, "content_type": 20, "object_id": "1", "object_repr": "Ben Legendre (ben) - PreciNASH | ANR -> Inserm", "action_flag": 2, "change_message": "[{\"changed\": {\"name\": \"Contract Expense\", \"object\": \"Integra | FRM -> Pasteur Lille/Ressource Humaine CDD: 54000.00 (e)\", \"fields\": [\"Related Fund\"]}}]"}}, {"model": "admin.logentry", "pk": 191, "fields": {"action_time": "2022-10-24T11:57:41.913Z", "user": 1, "content_type": 20, "object_id": "1", "object_repr": "Ben Legendre (ben) - PreciNASH | ANR -> Inserm", "action_flag": 2, "change_message": "[]"}}, {"model": "admin.logentry", "pk": 192, "fields": {"action_time": "2022-10-24T11:59:37.954Z", "user": 1, "content_type": 20, "object_id": "1", "object_repr": "Ben Legendre (ben) - PreciNASH | ANR -> Inserm", "action_flag": 2, "change_message": "[]"}}, {"model": "admin.logentry", "pk": 193, "fields": {"action_time": "2022-10-24T12:30:55.340Z", "user": 1, "content_type": 20, "object_id": "1", "object_repr": "Ben Legendre (ben) - PreciNASH | ANR -> Inserm", "action_flag": 2, "change_message": "[]"}}, {"model": "admin.logentry", "pk": 194, "fields": {"action_time": "2022-10-24T12:31:03.191Z", "user": 1, "content_type": 20, "object_id": "1", "object_repr": "Ben Legendre (ben) - PreciNASH | ANR -> Inserm", "action_flag": 2, "change_message": "[]"}}, {"model": "admin.logentry", "pk": 195, "fields": {"action_time": "2022-10-24T12:31:07.825Z", "user": 1, "content_type": 20, "object_id": "1", "object_repr": "Ben Legendre (ben) - PreciNASH | ANR -> Inserm", "action_flag": 2, "change_message": "[{\"changed\": {\"name\": \"Contract Expense\", \"object\": \"Integra | FRM -> Pasteur Lille/Ressource Humaine CDD: 54000.00 (p)\", \"fields\": [\"Status\"]}}]"}}, {"model": "admin.logentry", "pk": 196, "fields": {"action_time": "2022-10-24T12:33:24.743Z", "user": 1, "content_type": 20, "object_id": "1", "object_repr": "Ben Legendre (ben) - PreciNASH | ANR -> Inserm", "action_flag": 2, "change_message": "[]"}}, {"model": "admin.logentry", "pk": 197, "fields": {"action_time": "2022-10-24T12:33:28.789Z", "user": 1, "content_type": 20, "object_id": "1", "object_repr": "Ben Legendre (ben) - PreciNASH | ANR -> Inserm", "action_flag": 2, "change_message": "[]"}}, {"model": "admin.logentry", "pk": 198, "fields": {"action_time": "2022-10-24T12:40:05.711Z", "user": 1, "content_type": 20, "object_id": "1", "object_repr": "Ben Legendre (ben) - PreciNASH | ANR -> Inserm", "action_flag": 2, "change_message": "[]"}}, {"model": "admin.logentry", "pk": 199, "fields": {"action_time": "2022-10-24T12:40:13.030Z", "user": 1, "content_type": 20, "object_id": "1", "object_repr": "Ben Legendre (ben) - PreciNASH | ANR -> Inserm", "action_flag": 2, "change_message": "[{\"changed\": {\"name\": \"Contract Expense\", \"object\": \"Integra | FRM -> Pasteur Lille/Ressource Humaine CDD: 54000.00 (r)\", \"fields\": [\"Status\"]}}]"}}, {"model": "admin.logentry", "pk": 200, "fields": {"action_time": "2022-10-24T12:40:39.768Z", "user": 1, "content_type": 20, "object_id": "1", "object_repr": "Ben Legendre (ben) - PreciNASH | ANR -> Inserm", "action_flag": 2, "change_message": "[{\"added\": {\"name\": \"Contract Expense\", \"object\": \"Integra | FRM -> Pasteur Lille/Frais de Gestion: 12 (e)\"}}]"}}, {"model": "admin.logentry", "pk": 201, "fields": {"action_time": "2022-10-24T12:40:46.869Z", "user": 1, "content_type": 20, "object_id": "1", "object_repr": "Ben Legendre (ben) - PreciNASH | ANR -> Inserm", "action_flag": 2, "change_message": "[{\"changed\": {\"name\": \"Contract Expense\", \"object\": \"Integra | FRM -> Pasteur Lille/Ressource Humaine CDD: 54000.00 (e)\", \"fields\": [\"Status\"]}}, {\"changed\": {\"name\": \"Contract Expense\", \"object\": \"Integra | FRM -> Pasteur Lille/Frais de Gestion: 12.00 (r)\", \"fields\": [\"Status\"]}}]"}}, {"model": "admin.logentry", "pk": 202, "fields": {"action_time": "2022-10-24T12:43:46.798Z", "user": 1, "content_type": 20, "object_id": "1", "object_repr": "Ben Legendre (ben) - PreciNASH | ANR -> Inserm", "action_flag": 2, "change_message": "[{\"changed\": {\"name\": \"Contract Expense\", \"object\": \"Integra | FRM -> Pasteur Lille/Ressource Humaine CDD: 54000.00 (p)\", \"fields\": [\"Status\"]}}, {\"changed\": {\"name\": \"Contract Expense\", \"object\": \"Integra | FRM -> Pasteur Lille/Frais de Gestion: 12.00 (p)\", \"fields\": [\"Status\"]}}]"}}, {"model": "admin.logentry", "pk": 203, "fields": {"action_time": "2022-10-24T12:46:35.304Z", "user": 1, "content_type": 20, "object_id": "1", "object_repr": "Ben Legendre (ben) - PreciNASH | ANR -> Inserm", "action_flag": 2, "change_message": "[{\"changed\": {\"name\": \"Contract Expense\", \"object\": \"PreciNASH | ANR -> Inserm/Ressource Humaine CDD: 54000.00 (e)\", \"fields\": [\"Status\"]}}, {\"changed\": {\"name\": \"Contract Expense\", \"object\": \"PreciNASH | ANR -> Inserm/Frais de Gestion: 12.00 (e)\", \"fields\": [\"Status\"]}}]"}}, {"model": "admin.logentry", "pk": 204, "fields": {"action_time": "2022-10-24T12:47:28.242Z", "user": 1, "content_type": 20, "object_id": "1", "object_repr": "Ben Legendre (ben) - PreciNASH | ANR -> Inserm", "action_flag": 2, "change_message": "[{\"changed\": {\"name\": \"Contract Expense\", \"object\": \"PreciNASH | ANR -> Inserm/Ressource Humaine CDD: 54000.00 (e)\", \"fields\": [\"Related Fund\"]}}, {\"changed\": {\"name\": \"Contract Expense\", \"object\": \"PreciNASH | ANR -> Inserm/Frais de Gestion: 12.00 (e)\", \"fields\": [\"Related Fund\"]}}]"}}, {"model": "admin.logentry", "pk": 205, "fields": {"action_time": "2022-10-24T12:47:33.612Z", "user": 1, "content_type": 20, "object_id": "1", "object_repr": "Ben Legendre (ben) - Integra | FRM -> Pasteur Lille", "action_flag": 2, "change_message": "[{\"changed\": {\"fields\": [\"Related Fund\"]}}]"}}, {"model": "admin.logentry", "pk": 206, "fields": {"action_time": "2022-10-24T12:48:03.538Z", "user": 1, "content_type": 20, "object_id": "1", "object_repr": "Ben Legendre (ben) - PreciNASH | ANR -> Inserm", "action_flag": 2, "change_message": "[{\"changed\": {\"fields\": [\"Related Fund\"]}}]"}}, {"model": "admin.logentry", "pk": 207, "fields": {"action_time": "2022-10-24T13:03:28.292Z", "user": 1, "content_type": 20, "object_id": "1", "object_repr": "Ben Legendre (ben) - PreciNASH | ANR -> Inserm", "action_flag": 2, "change_message": "[]"}}, {"model": "admin.logentry", "pk": 208, "fields": {"action_time": "2022-10-24T13:06:09.072Z", "user": 1, "content_type": 20, "object_id": "1", "object_repr": "Ben Legendre (ben) - PreciNASH | ANR -> Inserm", "action_flag": 2, "change_message": "[]"}}, {"model": "admin.logentry", "pk": 209, "fields": {"action_time": "2022-10-24T13:12:02.218Z", "user": 1, "content_type": 20, "object_id": "1", "object_repr": "Ben Legendre (ben) - PreciNASH | ANR -> Inserm", "action_flag": 2, "change_message": "[]"}}, {"model": "admin.logentry", "pk": 210, "fields": {"action_time": "2022-10-24T13:17:11.124Z", "user": 1, "content_type": 20, "object_id": "1", "object_repr": "Ben Legendre (ben) - PreciNASH | ANR -> Inserm", "action_flag": 2, "change_message": "[]"}}, {"model": "admin.logentry", "pk": 211, "fields": {"action_time": "2022-10-24T13:19:14.139Z", "user": 1, "content_type": 20, "object_id": "1", "object_repr": "Ben Legendre (ben) - PreciNASH | ANR -> Inserm", "action_flag": 2, "change_message": "[]"}}, {"model": "admin.logentry", "pk": 212, "fields": {"action_time": "2022-10-24T14:02:40.543Z", "user": 1, "content_type": 20, "object_id": "1", "object_repr": "Ben Legendre (ben) - PreciNASH | ANR -> Inserm", "action_flag": 2, "change_message": "[{\"added\": {\"name\": \"Contract Expense\", \"object\": \"PreciNASH | ANR -> Inserm/Frais de Gestion: 1 (e)\"}}]"}}, {"model": "admin.logentry", "pk": 213, "fields": {"action_time": "2022-10-24T14:02:45.842Z", "user": 1, "content_type": 20, "object_id": "1", "object_repr": "Ben Legendre (ben) - PreciNASH | ANR -> Inserm", "action_flag": 2, "change_message": "[{\"deleted\": {\"name\": \"Contract Expense\", \"object\": \"PreciNASH | ANR -> Inserm/Frais de Gestion: 1.00 (e)\"}}]"}}, {"model": "admin.logentry", "pk": 214, "fields": {"action_time": "2022-10-24T14:18:09.305Z", "user": 1, "content_type": 20, "object_id": "1", "object_repr": "Ben Legendre (ben) - PreciNASH | ANR -> Inserm", "action_flag": 2, "change_message": "[{\"changed\": {\"name\": \"Contract Expense\", \"object\": \"Integra | SFD -> CHU Lille/Ressource Humaine CDD: 54000.00 (e)\", \"fields\": [\"Related Fund\"]}}]"}}, {"model": "admin.logentry", "pk": 215, "fields": {"action_time": "2022-10-24T15:28:10.016Z", "user": 1, "content_type": 20, "object_id": "1", "object_repr": "Ben Legendre (ben) - PreciNASH | ANR -> Inserm", "action_flag": 2, "change_message": "[{\"changed\": {\"name\": \"Contract Expense\", \"object\": \"PreciNASH | ANR -> Inserm/Ressource Humaine CDD: 54000.00 (e)\", \"fields\": [\"fund_item\"]}}]"}}, {"model": "admin.logentry", "pk": 216, "fields": {"action_time": "2022-10-26T07:48:51.129Z", "user": 1, "content_type": 31, "object_id": "5", "object_repr": "CUMUL", "action_flag": 1, "change_message": "[{\"added\": {}}]"}}, {"model": "admin.logentry", "pk": 217, "fields": {"action_time": "2022-10-26T13:27:00.823Z", "user": 1, "content_type": 7, "object_id": "1", "object_repr": "Ben Legendre (ben)", "action_flag": 2, "change_message": "[{\"changed\": {\"fields\": [\"First name\", \"Last name\"]}}]"}}, {"model": "admin.logentry", "pk": 218, "fields": {"action_time": "2022-10-26T13:27:15.835Z", "user": 1, "content_type": 7, "object_id": "3", "object_repr": "Carla Bouafshour (CarlaB)", "action_flag": 2, "change_message": "[{\"changed\": {\"fields\": [\"First name\", \"Last name\"]}}]"}}, {"model": "admin.logentry", "pk": 219, "fields": {"action_time": "2022-10-26T13:27:24.869Z", "user": 1, "content_type": 7, "object_id": "4", "object_repr": "Jean Dupond (JD)", "action_flag": 2, "change_message": "[{\"changed\": {\"fields\": [\"First name\", \"Last name\"]}}]"}}, {"model": "admin.logentry", "pk": 220, "fields": {"action_time": "2022-10-26T13:27:37.958Z", "user": 1, "content_type": 7, "object_id": "5", "object_repr": "Jeannie Rouach (JR)", "action_flag": 2, "change_message": "[{\"changed\": {\"fields\": [\"First name\", \"Last name\"]}}]"}}, {"model": "admin.logentry", "pk": 221, "fields": {"action_time": "2022-10-26T13:27:48.835Z", "user": 1, "content_type": 7, "object_id": "2", "object_repr": "Tben Tleg (BenTest)", "action_flag": 2, "change_message": "[{\"changed\": {\"fields\": [\"First name\", \"Last name\"]}}]"}}, {"model": "admin.logentry", "pk": 222, "fields": {"action_time": "2022-10-26T13:28:32.343Z", "user": 1, "content_type": 7, "object_id": "7", "object_repr": "Test3 Name 3 (test3)", "action_flag": 2, "change_message": "[{\"changed\": {\"fields\": [\"First name\", \"Last name\"]}}]"}}, {"model": "admin.logentry", "pk": 223, "fields": {"action_time": "2022-10-26T13:28:40.257Z", "user": 1, "content_type": 7, "object_id": "35", "object_repr": "Test2 Name2 (test2)", "action_flag": 2, "change_message": "[{\"changed\": {\"fields\": [\"First name\", \"Last name\"]}}]"}}, {"model": "admin.logentry", "pk": 224, "fields": {"action_time": "2022-10-26T13:34:51.968Z", "user": 1, "content_type": 7, "object_id": "36", "object_repr": "Quatre TEster", "action_flag": 1, "change_message": "[{\"added\": {}}]"}}, {"model": "admin.logentry", "pk": 225, "fields": {"action_time": "2022-10-26T13:38:20.637Z", "user": 1, "content_type": 7, "object_id": "35", "object_repr": "Deux Test", "action_flag": 2, "change_message": "[{\"changed\": {\"fields\": [\"Is valid\"]}}]"}}, {"model": "admin.logentry", "pk": 226, "fields": {"action_time": "2022-10-26T14:41:36.987Z", "user": 1, "content_type": 3, "object_id": "1", "object_repr": "Admin_Group", "action_flag": 1, "change_message": "[{\"added\": {}}]"}}, {"model": "admin.logentry", "pk": 227, "fields": {"action_time": "2022-10-26T14:41:52.628Z", "user": 1, "content_type": 3, "object_id": "1", "object_repr": "Admin_Group", "action_flag": 2, "change_message": "[{\"changed\": {\"fields\": [\"Permissions\"]}}]"}}, {"model": "admin.logentry", "pk": 228, "fields": {"action_time": "2022-10-26T14:42:18.446Z", "user": 1, "content_type": 3, "object_id": "2", "object_repr": "Viewers", "action_flag": 1, "change_message": "[{\"added\": {}}]"}}, {"model": "admin.logentry", "pk": 229, "fields": {"action_time": "2022-10-26T14:42:38.303Z", "user": 1, "content_type": 3, "object_id": "3", "object_repr": "Manager", "action_flag": 1, "change_message": "[{\"added\": {}}]"}}, {"model": "admin.logentry", "pk": 230, "fields": {"action_time": "2022-10-26T14:42:58.495Z", "user": 1, "content_type": 4, "object_id": "5", "object_repr": "CarlaB", "action_flag": 2, "change_message": "[{\"changed\": {\"fields\": [\"Groups\"]}}]"}}, {"model": "admin.logentry", "pk": 231, "fields": {"action_time": "2022-10-26T14:43:14.073Z", "user": 1, "content_type": 4, "object_id": "2", "object_repr": "JD", "action_flag": 2, "change_message": "[{\"changed\": {\"fields\": [\"Groups\"]}}]"}}, {"model": "admin.logentry", "pk": 232, "fields": {"action_time": "2022-10-26T14:45:59.283Z", "user": 1, "content_type": 3, "object_id": "3", "object_repr": "Manager", "action_flag": 2, "change_message": "[{\"changed\": {\"fields\": [\"Permissions\"]}}]"}}, {"model": "admin.logentry", "pk": 233, "fields": {"action_time": "2022-10-26T14:46:20.459Z", "user": 1, "content_type": 4, "object_id": "5", "object_repr": "CarlaB", "action_flag": 2, "change_message": "[]"}}, {"model": "admin.logentry", "pk": 234, "fields": {"action_time": "2022-10-26T15:08:56.640Z", "user": 1, "content_type": 4, "object_id": "5", "object_repr": "CarlaB", "action_flag": 2, "change_message": "[{\"changed\": {\"fields\": [\"User permissions\"]}}]"}}, {"model": "admin.logentry", "pk": 235, "fields": {"action_time": "2022-10-26T15:50:22.430Z", "user": 1, "content_type": 4, "object_id": "1", "object_repr": "ben", "action_flag": 2, "change_message": "[{\"changed\": {\"fields\": [\"Groups\"]}}]"}}, {"model": "admin.logentry", "pk": 236, "fields": {"action_time": "2022-10-26T19:41:58.452Z", "user": 1, "content_type": 36, "object_id": "1", "object_repr": "PreciNASH | ANR -> Inserm/Fonctionnement - 2020-01-01", "action_flag": 1, "change_message": "[{\"added\": {}}]"}}, {"model": "admin.logentry", "pk": 237, "fields": {"action_time": "2022-10-26T19:42:19.738Z", "user": 1, "content_type": 36, "object_id": "2", "object_repr": "PreciNASH | ANR -> Inserm/Frais de Gestion - 2020-01-01", "action_flag": 1, "change_message": "[{\"added\": {}}]"}}, {"model": "admin.logentry", "pk": 238, "fields": {"action_time": "2022-10-26T20:00:08.799Z", "user": 1, "content_type": 36, "object_id": "3", "object_repr": "PreciNASH | ANR -> Inserm/Fonctionnement - 2021-01-01", "action_flag": 1, "change_message": "[{\"added\": {}}]"}}, {"model": "auth.group", "pk": 1, "fields": {"name": "Admin_Group", "permissions": [89, 90, 91, 92, 93, 94, 95, 96, 125, 126, 127, 128, 9, 10, 11, 12, 5, 6, 7, 8, 13, 14, 15, 16, 109, 110, 111, 112, 113, 114, 115, 116, 77, 78, 79, 80, 81, 82, 83, 84, 121, 122, 123, 124, 73, 74, 75, 76, 57, 58, 59, 60, 61, 62, 63, 64, 65, 66, 67, 68, 69, 70, 71, 72, 45, 46, 47, 48, 53, 54, 55, 56, 117, 118, 119, 120, 49, 50, 51, 52, 85, 86, 87, 88, 97, 98, 99, 100, 101, 102, 103, 104, 105, 106, 107, 108, 25, 26, 27, 28, 41, 42, 43, 44, 29, 30, 31, 32, 33, 34, 35, 36, 37, 38, 39, 40]}}, {"model": "auth.group", "pk": 2, "fields": {"name": "Viewers", "permissions": [80, 84, 124, 76, 60, 64, 68, 72, 48, 56, 120, 52, 88, 28, 44, 32, 36, 40]}}, {"model": "auth.group", "pk": 3, "fields": {"name": "Manager", "permissions": [89, 90, 91, 92, 93, 94, 125, 126, 128, 9, 10, 12, 5, 6, 8, 13, 14, 16, 109, 110, 112, 113, 114, 116, 77, 78, 80, 81, 82, 84, 121, 122, 124, 73, 74, 76, 57, 58, 60, 61, 62, 64, 65, 66, 68, 69, 70, 72, 45, 46, 48, 53, 54, 56, 117, 118, 120, 49, 50, 52, 85, 86, 88, 97, 98, 101, 102, 105, 106, 25, 26, 28, 41, 42, 44, 29, 30, 32, 33, 34, 36, 37, 38, 40]}}, {"model": "auth.user", "pk": 1, "fields": {"password": "pbkdf2_sha256$390000$ebTjHGKy655FpjvjdxuP4Y$jXLynsOrP0pWQsf9JMv4UeEKbWBWBdhyPgwqCopn6Xs=", "last_login": "2022-10-26T19:41:37.327Z", "is_superuser": true, "username": "ben", "first_name": "Ben", "last_name": "Legendre", "email": "bbillyben@hotmail.com", "is_staff": true, "is_active": true, "date_joined": "2022-10-11T13:10:54Z", "groups": [1], "user_permissions": []}}, {"model": "auth.user", "pk": 2, "fields": {"password": "pbkdf2_sha256$390000$apLoMTmI4JOs24op9RZeEn$V89WXFE9yFv3NpW6BIHUPr4bDah5bT6w7DNzbs0jjaI=", "last_login": "2022-10-26T18:27:01.505Z", "is_superuser": false, "username": "JD", "first_name": "Jean", "last_name": "Dupond", "email": "", "is_staff": false, "is_active": true, "date_joined": "2022-10-11T13:11:26Z", "groups": [2], "user_permissions": []}}, {"model": "auth.user", "pk": 3, "fields": {"password": "pbkdf2_sha256$390000$6gwUN9rTu4mLS59lXtyyGo$3pRzOcLXdaGV+n6ZwB7R1dMPuJGMR/U+o97Ld5hpRp8=", "last_login": null, "is_superuser": false, "username": "BenTest", "first_name": "Tben", "last_name": "Tleg", "email": "", "is_staff": false, "is_active": true, "date_joined": "2022-10-11T13:11:52Z", "groups": [], "user_permissions": []}}, {"model": "auth.user", "pk": 4, "fields": {"password": "pbkdf2_sha256$390000$RXHbGvpYz7gmJQvdfw8iNI$RoXGgO3KpTZwNY4ITCVeWimoYiWYFQPNCcPY8r0DXY4=", "last_login": null, "is_superuser": false, "username": "JR", "first_name": "Jeannie", "last_name": "Rouach", "email": "", "is_staff": false, "is_active": true, "date_joined": "2022-10-11T13:12:09Z", "groups": [], "user_permissions": []}}, {"model": "auth.user", "pk": 5, "fields": {"password": "pbkdf2_sha256$390000$qUzzjJQSogTFKTgIkHGZjx$fep3YYXhLyYw/yVn356Krd/VjxZBOc7XytPrxtP7Gz0=", "last_login": "2022-10-26T18:43:12.320Z", "is_superuser": false, "username": "CarlaB", "first_name": "Carla", "last_name": "Bouafshour", "email": "", "is_staff": false, "is_active": true, "date_joined": "2022-10-11T13:12:34Z", "groups": [3], "user_permissions": [125, 126, 128, 9, 10, 12, 5, 6, 8, 13, 14, 16, 109, 110, 112, 113, 114, 116, 77, 78, 80, 81, 82, 84, 121, 122, 124, 73, 74, 76, 57, 58, 60, 61, 62, 64, 65, 66, 68, 69, 70, 72, 45, 46, 48, 53, 54, 56, 117, 118, 120, 49, 50, 52, 85, 86, 88, 25, 26, 28, 41, 42, 44, 29, 30, 32, 33, 34, 36, 37, 38, 40]}}, {"model": "auth.user", "pk": 6, "fields": {"password": "pbkdf2_sha256$390000$ds8hkwbBlQHOFyaOTPtv89$E3KQTNdOJYHFgeH/15CuMHjTTiG/PRTGsHGkde+yPD8=", "last_login": null, "is_superuser": false, "username": "test2", "first_name": "Test2", "last_name": "Name2", "email": "", "is_staff": false, "is_active": true, "date_joined": "2022-10-12T21:29:27Z", "groups": [], "user_permissions": []}}, {"model": "auth.user", "pk": 7, "fields": {"password": "pbkdf2_sha256$390000$LkCl6BMF6aTUVwstItKRFX$6UjrRdXuyea1bubNCAMOeU2wjoF8SU9qcszIKVI7VVc=", "last_login": null, "is_superuser": false, "username": "test3", "first_name": "Test3", "last_name": "Name 3", "email": "", "is_staff": false, "is_active": false, "date_joined": "2022-10-12T21:29:35Z", "groups": [], "user_permissions": []}}, {"model": "auth.user", "pk": 8, "fields": {"password": "pbkdf2_sha256$390000$gzVa9NO4Yz13rvJmwBLlVL$Bcso/QE3qab0cwO+uvjmGKmcaVk7SB5Ck3tnpiWh4Os=", "last_login": "2022-10-13T18:46:55.926Z", "is_superuser": true, "username": "ben2", "first_name": "", "last_name": "", "email": "bbillyben@hotmail.com", "is_staff": true, "is_active": true, "date_joined": "2022-10-13T13:24:51.457Z", "groups": [], "user_permissions": []}}, {"model": "sessions.session", "pk": "05asqufw8el1kj8cfgxdlvpbydzv0dr3", "fields": {"session_data": ".eJxVjEsOwjAMBe-SNYoSp1Edluw5Q-TYLimgRupnhbg7VOoCtm9m3stk2taat0XnPIo5G29Ov1shfui0A7nTdGuW27TOY7G7Yg-62GsTfV4O9--g0lK_NSASFOBOSLXTwjiEHiRAjzBo4BgHx8ntAAskUU8xSQR23kN0aN4fAPM4Kg:1ojQeZ:VmECcs_K6to5iUgvyCHqD7-SGjj6BBYwvVh_0KeOgbA", "expire_date": "2022-10-28T19:47:31.171Z"}}, {"model": "sessions.session", "pk": "139bakk15nht56xxj261vakp4l3k1c7p", "fields": {"session_data": ".eJxVjEsOwjAMBe-SNYoSp1Edluw5Q-TYLimgRupnhbg7VOoCtm9m3stk2taat0XnPIo5G29Ov1shfui0A7nTdGuW27TOY7G7Yg-62GsTfV4O9--g0lK_NSASFOBOSLXTwjiEHiRAjzBo4BgHx8ntAAskUU8xSQR23kN0aN4fAPM4Kg:1onmHR:t5jt5OvRrPc4fExzS2Mj43PA9ei5U6ms4cOVQRIJz8w", "expire_date": "2022-11-09T19:41:37.335Z"}}, {"model": "sessions.session", "pk": "jwhiqk94lchci08zndfhur1f8qvcfbtr", "fields": {"session_data": ".eJxVjDsOwjAQBe_iGlleE_8o6TmDtfZucADZUpxUiLuTSCmgfTPz3iLiupS4dp7jROIitDj9bgnzk-sO6IH13mRudZmnJHdFHrTLWyN-XQ_376BgL1vNBlEr6wnJ5RTQEwwW0DDbUWvlfQKniDeQw2gsZ312g88AZECHBOLzBfolOAA:1onl7F:ZdARnTQjGlumagxc4_SCeiaMIANj2aLYfZvF4lpZewQ", "expire_date": "2022-11-09T18:27:01.513Z"}}, {"model": "sessions.session", "pk": "pemqctpg07bdjogn2hu9cz1ydwnua369", "fields": {"session_data": ".eJxVjDsOwjAQBe_iGlleE_8o6TmDtfZucADZUpxUiLuTSCmgfTPz3iLiupS4dp7jROIitDj9bgnzk-sO6IH13mRudZmnJHdFHrTLWyN-XQ_376BgL1vNBlEr6wnJ5RTQEwwW0DDbUWvlfQKniDeQw2gsZ312g88AZECHBOLzBfolOAA:1onipO:Oz2dzce5tCAZjLHwUy9dZrj0Y6pHA16iv-va_7y_vls", "expire_date": "2022-11-09T16:00:26.322Z"}}, {"model": "sessions.session", "pk": "salri9uunw83kmmr8zdn5r5d69y3u9vj", "fields": {"session_data": ".eJxVjEsOwjAMBe-SNYoSp1Edluw5Q-TYLimgRupnhbg7VOoCtm9m3stk2taat0XnPIo5G29Ov1shfui0A7nTdGuW27TOY7G7Yg-62GsTfV4O9--g0lK_NSASFOBOSLXTwjiEHiRAjzBo4BgHx8ntAAskUU8xSQR23kN0aN4fAPM4Kg:1omI34:o3fefE7B2r_eizajKlny_RVC6s6W7QT63uA1gisiqow", "expire_date": "2022-11-05T17:12:38.754Z"}}, {"model": "sessions.session", "pk": "y4jez5r6363fy5wjg9rojcxjdfsqxib6", "fields": {"session_data": ".eJxVjEsOwjAMBe-SNYoSp1Edluw5Q-TYLimgRupnhbg7VOoCtm9m3stk2taat0XnPIo5G29Ov1shfui0A7nTdGuW27TOY7G7Yg-62GsTfV4O9--g0lK_NSASFOBOSLXTwjiEHiRAjzBo4BgHx8ntAAskUU8xSQR23kN0aN4fAPM4Kg:1oni0r:mDowdL3uzhfY4_9yQlTa4maWDCY6N4WomiFrduAA0A8", "expire_date": "2022-11-09T15:08:13.126Z"}}, {"model": "sites.site", "pk": 1, "fields": {"domain": "example.com", "name": "example.com"}}, {"model": "authtoken.token", "pk": "4644436c7eca4413223adf4495e9b757a3820c9f", "fields": {"user": 1, "created": "2022-10-12T20:45:12.249Z"}}, {"model": "auditlog.logentry", "pk": 1, "fields": {"content_type": 30, "object_pk": "1", "object_id": 1, "object_repr": "Carla Bouafshour (CarlaB)", "action": 1, "changes": "{\"quotity\": [\"0.100\", \"0.5\"]}", "actor": 1, "remote_addr": "10.8.0.2", "timestamp": "2022-10-26T08:17:41.422Z", "additional_data": null}}, {"model": "auditlog.logentry", "pk": 2, "fields": {"content_type": 13, "object_pk": "1", "object_id": 1, "object_repr": "PreciNASH", "action": 1, "changes": "{\"end_date\": [\"2021-08-12\", \"2023-08-12\"]}", "actor": 1, "remote_addr": "10.8.0.2", "timestamp": "2022-10-26T08:18:47.102Z", "additional_data": null}}, {"model": "auditlog.logentry", "pk": 3, "fields": {"content_type": 13, "object_pk": "1", "object_id": 1, "object_repr": "PreciNASH", "action": 1, "changes": "{\"status\": [\"True\", \"False\"]}", "actor": 1, "remote_addr": "10.8.0.2", "timestamp": "2022-10-26T08:19:29.296Z", "additional_data": null}}, {"model": "auditlog.logentry", "pk": 4, "fields": {"content_type": 13, "object_pk": "1", "object_id": 1, "object_repr": "PreciNASH", "action": 1, "changes": "{\"status\": [\"False\", \"True\"]}", "actor": 1, "remote_addr": "10.8.0.2", "timestamp": "2022-10-26T08:19:39.633Z", "additional_data": null}}, {"model": "auditlog.logentry", "pk": 5, "fields": {"content_type": 21, "object_pk": "26", "object_id": 26, "object_repr": "PreciNASH | ANR -> Inserm/Ressource Humaine CDD: 55000.00 (e)", "action": 1, "changes": "{\"amount\": [\"54000.00\", \"55000.00\"], \"expense_ptr\": [\"PreciNASH | ANR -> Inserm/Ressource Humaine CDD: 54000.00 (e)\", \"PreciNASH | ANR -> Inserm/Ressource Humaine CDD: 55000.00 (e)\"]}", "actor": 1, "remote_addr": "10.8.0.2", "timestamp": "2022-10-26T08:20:15.563Z", "additional_data": null}}, {"model": "auditlog.logentry", "pk": 6, "fields": {"content_type": 20, "object_pk": "13", "object_id": 13, "object_repr": "Test2 Name2 (test2) - Integra | FRM -> Pasteur Lille", "action": 0, "changes": "{\"id\": [\"None\", \"13\"], \"employee\": [\"None\", \"Test2 Name2 (test2)\"], \"start_date\": [\"None\", \"2017-01-01\"], \"quotity\": [\"None\", \"0.3\"], \"fund\": [\"None\", \"Integra | FRM -> Pasteur Lille\"], \"contract_type\": [\"None\", \"CDD\"]}", "actor": 1, "remote_addr": "10.8.0.2", "timestamp": "2022-10-26T08:21:50.451Z", "additional_data": null}}, {"model": "auditlog.logentry", "pk": 7, "fields": {"content_type": 20, "object_pk": "13", "object_id": 13, "object_repr": "Test2 Name2 (test2) - Integra | FRM -> Pasteur Lille", "action": 1, "changes": "{\"is_active\": [\"True\", \"False\"]}", "actor": 1, "remote_addr": "10.8.0.2", "timestamp": "2022-10-26T09:08:24.621Z", "additional_data": null}}, {"model": "auditlog.logentry", "pk": 8, "fields": {"content_type": 20, "object_pk": "13", "object_id": 13, "object_repr": "Test2 Name2 (test2) - Integra | FRM -> Pasteur Lille", "action": 1, "changes": "{\"is_active\": [\"False\", \"True\"]}", "actor": 1, "remote_addr": "10.8.0.2", "timestamp": "2022-10-26T09:08:30.022Z", "additional_data": null}}, {"model": "auditlog.logentry", "pk": 9, "fields": {"content_type": 20, "object_pk": "13", "object_id": 13, "object_repr": "Test2 Name2 (test2) - Integra | FRM -> Pasteur Lille", "action": 1, "changes": "{\"is_active\": [\"True\", \"False\"]}", "actor": 1, "remote_addr": "10.8.0.2", "timestamp": "2022-10-26T09:16:45.736Z", "additional_data": null}}, {"model": "auditlog.logentry", "pk": 10, "fields": {"content_type": 18, "object_pk": "15", "object_id": 15, "object_repr": "Fund_Item object (15)", "action": 1, "changes": "{\"amount\": [\"12.00\", \"1200000.00\"]}", "actor": 1, "remote_addr": "10.8.0.2", "timestamp": "2022-10-26T10:50:36.921Z", "additional_data": null}}, {"model": "auditlog.logentry", "pk": 11, "fields": {"content_type": 7, "object_pk": "1", "object_id": 1, "object_repr": "Ben Legendre (ben)", "action": 1, "changes": "{\"first_name\": [\"None\", \"Benjamin\"], \"last_name\": [\"None\", \"Legendre\"]}", "actor": 1, "remote_addr": "10.8.0.3", "timestamp": "2022-10-26T13:27:00.819Z", "additional_data": null}}, {"model": "auditlog.logentry", "pk": 12, "fields": {"content_type": 7, "object_pk": "3", "object_id": 3, "object_repr": "Carla Bouafshour (CarlaB)", "action": 1, "changes": "{\"first_name\": [\"None\", \"Carla\"], \"last_name\": [\"None\", \"Bouafsour\"]}", "actor": 1, "remote_addr": "10.8.0.3", "timestamp": "2022-10-26T13:27:15.832Z", "additional_data": null}}, {"model": "auditlog.logentry", "pk": 13, "fields": {"content_type": 7, "object_pk": "4", "object_id": 4, "object_repr": "Jean Dupond (JD)", "action": 1, "changes": "{\"first_name\": [\"None\", \"Jean\"], \"last_name\": [\"None\", \"Dupond\"]}", "actor": 1, "remote_addr": "10.8.0.3", "timestamp": "2022-10-26T13:27:24.866Z", "additional_data": null}}, {"model": "auditlog.logentry", "pk": 14, "fields": {"content_type": 7, "object_pk": "5", "object_id": 5, "object_repr": "Jeannie Rouach (JR)", "action": 1, "changes": "{\"first_name\": [\"None\", \"Jeannie\"], \"last_name\": [\"None\", \"Rouach\"]}", "actor": 1, "remote_addr": "10.8.0.3", "timestamp": "2022-10-26T13:27:37.954Z", "additional_data": null}}, {"model": "auditlog.logentry", "pk": 15, "fields": {"content_type": 7, "object_pk": "2", "object_id": 2, "object_repr": "Tben Tleg (BenTest)", "action": 1, "changes": "{\"first_name\": [\"None\", \"Tben\"], \"last_name\": [\"None\", \"Tleg\"]}", "actor": 1, "remote_addr": "10.8.0.3", "timestamp": "2022-10-26T13:27:48.832Z", "additional_data": null}}, {"model": "auditlog.logentry", "pk": 16, "fields": {"content_type": 7, "object_pk": "7", "object_id": 7, "object_repr": "Test3 Name 3 (test3)", "action": 1, "changes": "{\"first_name\": [\"None\", \"Trois\"], \"last_name\": [\"None\", \"Test\"]}", "actor": 1, "remote_addr": "10.8.0.3", "timestamp": "2022-10-26T13:28:32.340Z", "additional_data": null}}, {"model": "auditlog.logentry", "pk": 17, "fields": {"content_type": 7, "object_pk": "35", "object_id": 35, "object_repr": "Test2 Name2 (test2)", "action": 1, "changes": "{\"first_name\": [\"None\", \"Deux\"], \"last_name\": [\"None\", \"Test\"]}", "actor": 1, "remote_addr": "10.8.0.3", "timestamp": "2022-10-26T13:28:40.255Z", "additional_data": null}}, {"model": "auditlog.logentry", "pk": 19, "fields": {"content_type": 7, "object_pk": "35", "object_id": 35, "object_repr": "Deux Test", "action": 1, "changes": "{\"is_valid\": [\"True\", \"False\"]}", "actor": 1, "remote_addr": "10.8.0.3", "timestamp": "2022-10-26T13:38:20.631Z", "additional_data": null}}, {"model": "auditlog.logentry", "pk": 20, "fields": {"content_type": 7, "object_pk": "2", "object_id": 2, "object_repr": "Tben Tleg", "action": 1, "changes": "{\"is_active\": [\"True\", \"False\"]}", "actor": 1, "remote_addr": "10.8.0.3", "timestamp": "2022-10-26T13:54:59.319Z", "additional_data": null}}, {"model": "auditlog.logentry", "pk": 21, "fields": {"content_type": 7, "object_pk": "2", "object_id": 2, "object_repr": "Tben Tleg", "action": 1, "changes": "{\"is_active\": [\"False\", \"True\"]}", "actor": 1, "remote_addr": "10.8.0.3", "timestamp": "2022-10-26T13:55:22.340Z", "additional_data": null}}, {"model": "auditlog.logentry", "pk": 22, "fields": {"content_type": 7, "object_pk": "37", "object_id": 37, "object_repr": "Bignou Standard", "action": 0, "changes": "{\"first_name\": [\"None\", \"Bignou\"], \"last_name\": [\"None\", \"Standard\"], \"birth_date\": [\"None\", \"1902-06-15\"], \"entry_date\": [\"None\", \"2001-12-31\"], \"is_active\": [\"None\", \"True\"], \"id\": [\"None\", \"37\"]}", "actor": 1, "remote_addr": "10.8.0.3", "timestamp": "2022-10-26T13:58:23.757Z", "additional_data": null}}, {"model": "auditlog.logentry", "pk": 23, "fields": {"content_type": 7, "object_pk": "36", "object_id": 36, "object_repr": "Quatre TEster", "action": 2, "changes": "{\"first_name\": [\"Quatre\", \"None\"], \"last_name\": [\"TEster\", \"None\"], \"birth_date\": [\"2000-01-01\", \"None\"], \"entry_date\": [\"2022-10-26\", \"None\"], \"is_active\": [\"True\", \"None\"], \"id\": [\"36\", \"None\"]}", "actor": 1, "remote_addr": "10.8.0.3", "timestamp": "2022-10-26T14:01:11.094Z", "additional_data": null}}, {"model": "auditlog.logentry", "pk": 24, "fields": {"content_type": 7, "object_pk": "37", "object_id": 37, "object_repr": "Bignou Standard", "action": 1, "changes": "{\"is_active\": [\"True\", \"False\"]}", "actor": 1, "remote_addr": "10.8.0.3", "timestamp": "2022-10-26T14:06:00.338Z", "additional_data": null}}, {"model": "auditlog.logentry", "pk": 25, "fields": {"content_type": 7, "object_pk": "37", "object_id": 37, "object_repr": "Bignou Standard", "action": 1, "changes": "{\"is_active\": [\"False\", \"True\"]}", "actor": 1, "remote_addr": "10.8.0.3", "timestamp": "2022-10-26T14:06:08.207Z", "additional_data": null}}, {"model": "auditlog.logentry", "pk": 26, "fields": {"content_type": 20, "object_pk": "14", "object_id": 14, "object_repr": "Bignou Standard - PreciNASH | ANR -> Inserm", "action": 0, "changes": "{\"id\": [\"None\", \"14\"], \"employee\": [\"None\", \"Bignou Standard\"], \"start_date\": [\"None\", \"2022-10-26\"], \"quotity\": [\"None\", \"1\"], \"fund\": [\"None\", \"PreciNASH | ANR -> Inserm\"], \"contract_type\": [\"None\", \"CDD\"], \"is_active\": [\"None\", \"True\"]}", "actor": 1, "remote_addr": "10.8.0.3", "timestamp": "2022-10-26T14:08:22.863Z", "additional_data": null}}, {"model": "auditlog.logentry", "pk": 27, "fields": {"content_type": 20, "object_pk": "14", "object_id": 14, "object_repr": "Bignou Standard - PreciNASH | ANR -> Inserm", "action": 1, "changes": "{\"is_active\": [\"True\", \"False\"]}", "actor": 1, "remote_addr": "10.8.0.3", "timestamp": "2022-10-26T14:08:31.634Z", "additional_data": null}}, {"model": "auditlog.logentry", "pk": 28, "fields": {"content_type": 20, "object_pk": "14", "object_id": 14, "object_repr": "Bignou Standard - PreciNASH | ANR -> Inserm", "action": 1, "changes": "{\"is_active\": [\"False\", \"True\"]}", "actor": 1, "remote_addr": "10.8.0.3", "timestamp": "2022-10-26T14:08:36.830Z", "additional_data": null}}, {"model": "auditlog.logentry", "pk": 29, "fields": {"content_type": 21, "object_pk": "37", "object_id": 37, "object_repr": "PreciNASH | ANR -> Inserm/Ressource Humaine", "action": 0, "changes": "{\"date\": [\"None\", \"2013-12-01\"], \"type\": [\"None\", \"Ressource Humaine\"], \"amount\": [\"None\", \"52000\"], \"id\": [\"None\", \"37\"], \"status\": [\"None\", \"r\"], \"fund_item\": [\"None\", \"PreciNASH | ANR -> Inserm\"], \"expense_ptr\": [\"None\", \"PreciNASH | ANR -> Inserm/Ressource Humaine\"], \"contract\": [\"None\", \"Bignou Standard - PreciNASH | ANR -> Inserm\"]}", "actor": 1, "remote_addr": "10.8.0.3", "timestamp": "2022-10-26T14:08:51.253Z", "additional_data": null}}, {"model": "auditlog.logentry", "pk": 30, "fields": {"content_type": 30, "object_pk": "25", "object_id": 25, "object_repr": "Bignou Standard", "action": 0, "changes": "{\"project\": [\"None\", \"PreciNASH\"], \"employee\": [\"None\", \"Bignou Standard\"], \"start_date\": [\"None\", \"2012-12-12\"], \"id\": [\"None\", \"25\"], \"status\": [\"None\", \"p\"], \"quotity\": [\"None\", \"0.5\"]}", "actor": 1, "remote_addr": "10.8.0.3", "timestamp": "2022-10-26T14:09:20.055Z", "additional_data": null}}, {"model": "auditlog.logentry", "pk": 31, "fields": {"content_type": 13, "object_pk": "1", "object_id": 1, "object_repr": "PreciNASH", "action": 1, "changes": "{\"status\": [\"True\", \"False\"]}", "actor": 1, "remote_addr": "10.8.0.2", "timestamp": "2022-10-26T14:26:29.103Z", "additional_data": null}}, {"model": "auditlog.logentry", "pk": 32, "fields": {"content_type": 13, "object_pk": "1", "object_id": 1, "object_repr": "PreciNASH", "action": 1, "changes": "{\"status\": [\"False\", \"True\"]}", "actor": 1, "remote_addr": "10.8.0.2", "timestamp": "2022-10-26T14:26:30.853Z", "additional_data": null}}, {"model": "auditlog.logentry", "pk": 33, "fields": {"content_type": 16, "object_pk": "1", "object_id": 1, "object_repr": "PreciNASH | ANR -> Inserm", "action": 1, "changes": "{\"ref\": [\"\", \"2RET\"]}", "actor": 5, "remote_addr": "10.8.0.2", "timestamp": "2022-10-26T15:42:48.568Z", "additional_data": null}}, {"model": "auditlog.logentry", "pk": 34, "fields": {"content_type": 18, "object_pk": "3", "object_id": 3, "object_repr": "Fund_Item object (3)", "action": 1, "changes": "{\"amount\": [\"12540.00\", \"40.00\"]}", "actor": 5, "remote_addr": "10.8.0.2", "timestamp": "2022-10-26T15:43:02.862Z", "additional_data": null}}, {"model": "auditlog.logentry", "pk": 35, "fields": {"content_type": 18, "object_pk": "3", "object_id": 3, "object_repr": "Fund_Item object (3)", "action": 1, "changes": "{\"amount\": [\"40.00\", \"126485640.00\"]}", "actor": 5, "remote_addr": "10.8.0.2", "timestamp": "2022-10-26T15:44:13.263Z", "additional_data": null}}, {"model": "auditlog.logentry", "pk": 36, "fields": {"content_type": 18, "object_pk": "3", "object_id": 3, "object_repr": "Fund_Item object (3)", "action": 1, "changes": "{\"amount\": [\"126485640.00\", \"12\"]}", "actor": 5, "remote_addr": "10.8.0.2", "timestamp": "2022-10-26T15:44:45.362Z", "additional_data": null}}, {"model": "auditlog.logentry", "pk": 37, "fields": {"content_type": 18, "object_pk": "3", "object_id": 3, "object_repr": "Fund_Item object (3)", "action": 1, "changes": "{\"amount\": [\"12.00\", \"12000000.00\"]}", "actor": 5, "remote_addr": "10.8.0.2", "timestamp": "2022-10-26T15:45:16.476Z", "additional_data": null}}, {"model": "auditlog.logentry", "pk": 38, "fields": {"content_type": 18, "object_pk": "3", "object_id": 3, "object_repr": "Fund_Item object (3)", "action": 1, "changes": "{\"amount\": [\"12000000.00\", \"1\"]}", "actor": 5, "remote_addr": "10.8.0.2", "timestamp": "2022-10-26T15:46:51.041Z", "additional_data": null}}, {"model": "auditlog.logentry", "pk": 39, "fields": {"content_type": 18, "object_pk": "3", "object_id": 3, "object_repr": "Fund_Item object (3)", "action": 1, "changes": "{\"amount\": [\"1.00\", \"100000000\"]}", "actor": 5, "remote_addr": "10.8.0.2", "timestamp": "2022-10-26T15:47:42.873Z", "additional_data": null}}, {"model": "auditlog.logentry", "pk": 40, "fields": {"content_type": 18, "object_pk": "3", "object_id": 3, "object_repr": "Fund_Item object (3)", "action": 1, "changes": "{\"amount\": [\"100000000.00\", \"1\"]}", "actor": 5, "remote_addr": "10.8.0.2", "timestamp": "2022-10-26T15:48:30.612Z", "additional_data": null}}, {"model": "auditlog.logentry", "pk": 41, "fields": {"content_type": 18, "object_pk": "3", "object_id": 3, "object_repr": "Fund_Item object (3)", "action": 1, "changes": "{\"amount\": [\"1.00\", \"1000000\"]}", "actor": 5, "remote_addr": "10.8.0.2", "timestamp": "2022-10-26T15:48:38.893Z", "additional_data": null}}, {"model": "auditlog.logentry", "pk": 42, "fields": {"content_type": 18, "object_pk": "3", "object_id": 3, "object_repr": "Fund_Item object (3)", "action": 1, "changes": "{\"amount\": [\"1000000.00\", \"1\"]}", "actor": 5, "remote_addr": "10.8.0.2", "timestamp": "2022-10-26T15:49:06.944Z", "additional_data": null}}, {"model": "auditlog.logentry", "pk": 43, "fields": {"content_type": 20, "object_pk": "14", "object_id": 14, "object_repr": "Bignou Standard - PreciNASH | ANR -> Inserm", "action": 1, "changes": "{\"is_active\": [\"True\", \"False\"]}", "actor": 5, "remote_addr": "192.168.1.91", "timestamp": "2022-10-26T18:38:31.889Z", "additional_data": null}}, {"model": "auditlog.logentry", "pk": 44, "fields": {"content_type": 20, "object_pk": "14", "object_id": 14, "object_repr": "Bignou Standard - PreciNASH | ANR -> Inserm", "action": 1, "changes": "{\"is_active\": [\"False\", \"True\"]}", "actor": 5, "remote_addr": "192.168.1.91", "timestamp": "2022-10-26T18:38:44.968Z", "additional_data": null}}, {"model": "auditlog.logentry", "pk": 45, "fields": {"content_type": 30, "object_pk": "1", "object_id": 1, "object_repr": "Carla Bouafsour", "action": 1, "changes": "{\"start_date\": [\"2012-12-12\", \"2012-12-01\"]}", "actor": 5, "remote_addr": "192.168.1.91", "timestamp": "2022-10-26T19:12:45.550Z", "additional_data": null}}, {"model": "auditlog.logentry", "pk": 46, "fields": {"content_type": 20, "object_pk": "1", "object_id": 1, "object_repr": "Benjamin Legendre - PreciNASH | ANR -> Inserm", "action": 1, "changes": "{\"end_date\": [\"None\", \"2018-08-12\"]}", "actor": 5, "remote_addr": "192.168.1.91", "timestamp": "2022-10-26T19:16:35.969Z", "additional_data": null}}, {"model": "auditlog.logentry", "pk": 47, "fields": {"content_type": 20, "object_pk": "1", "object_id": 1, "object_repr": "Benjamin Legendre - PreciNASH | ANR -> Inserm", "action": 1, "changes": "{\"is_active\": [\"True\", \"False\"]}", "actor": 5, "remote_addr": "192.168.1.91", "timestamp": "2022-10-26T19:16:41.168Z", "additional_data": null}}, {"model": "auditlog.logentry", "pk": 48, "fields": {"content_type": 20, "object_pk": "1", "object_id": 1, "object_repr": "Benjamin Legendre - PreciNASH | ANR -> Inserm", "action": 1, "changes": "{\"end_date\": [\"2018-08-12\", \"None\"]}", "actor": 5, "remote_addr": "192.168.1.91", "timestamp": "2022-10-26T19:16:52.791Z", "additional_data": null}}, {"model": "auditlog.logentry", "pk": 49, "fields": {"content_type": 20, "object_pk": "1", "object_id": 1, "object_repr": "Benjamin Legendre - PreciNASH | ANR -> Inserm", "action": 1, "changes": "{\"is_active\": [\"False\", \"True\"]}", "actor": 5, "remote_addr": "192.168.1.91", "timestamp": "2022-10-26T19:17:06.401Z", "additional_data": null}}, {"model": "auditlog.logentry", "pk": 50, "fields": {"content_type": 20, "object_pk": "1", "object_id": 1, "object_repr": "Benjamin Legendre - PreciNASH | ANR -> Inserm", "action": 1, "changes": "{\"is_active\": [\"True\", \"False\"]}", "actor": 5, "remote_addr": "192.168.1.91", "timestamp": "2022-10-26T19:20:56.983Z", "additional_data": null}}, {"model": "auditlog.logentry", "pk": 51, "fields": {"content_type": 20, "object_pk": "1", "object_id": 1, "object_repr": "Benjamin Legendre - PreciNASH | ANR -> Inserm", "action": 1, "changes": "{\"end_date\": [\"None\", \"2018-08-12\"]}", "actor": 5, "remote_addr": "192.168.1.91", "timestamp": "2022-10-26T19:21:50.559Z", "additional_data": null}}, {"model": "auditlog.logentry", "pk": 52, "fields": {"content_type": 20, "object_pk": "1", "object_id": 1, "object_repr": "Benjamin Legendre - PreciNASH | ANR -> Inserm", "action": 1, "changes": "{\"is_active\": [\"False\", \"True\"]}", "actor": 5, "remote_addr": "192.168.1.91", "timestamp": "2022-10-26T19:21:55.874Z", "additional_data": null}}, {"model": "auditlog.logentry", "pk": 53, "fields": {"content_type": 20, "object_pk": "1", "object_id": 1, "object_repr": "Benjamin Legendre - PreciNASH | ANR -> Inserm", "action": 1, "changes": "{\"end_date\": [\"2018-08-12\", \"None\"]}", "actor": 5, "remote_addr": "192.168.1.91", "timestamp": "2022-10-26T19:22:13.320Z", "additional_data": null}}, {"model": "auditlog.logentry", "pk": 54, "fields": {"content_type": 20, "object_pk": "1", "object_id": 1, "object_repr": "Benjamin Legendre - PreciNASH | ANR -> Inserm", "action": 1, "changes": "{\"end_date\": [\"None\", \"2023-08-12\"], \"is_active\": [\"True\", \"False\"]}", "actor": 5, "remote_addr": "192.168.1.91", "timestamp": "2022-10-26T19:22:24.135Z", "additional_data": null}}, {"model": "auditlog.logentry", "pk": 55, "fields": {"content_type": 20, "object_pk": "1", "object_id": 1, "object_repr": "Benjamin Legendre - PreciNASH | ANR -> Inserm", "action": 1, "changes": "{\"end_date\": [\"2023-08-12\", \"None\"], \"is_active\": [\"False\", \"True\"]}", "actor": 5, "remote_addr": "192.168.1.91", "timestamp": "2022-10-26T19:22:31.290Z", "additional_data": null}}, {"model": "auditlog.logentry", "pk": 56, "fields": {"content_type": 20, "object_pk": "4", "object_id": 4, "object_repr": "Benjamin Legendre - Integra | SFD -> CHU Lille", "action": 1, "changes": "{\"is_active\": [\"True\", \"False\"]}", "actor": 5, "remote_addr": "192.168.1.91", "timestamp": "2022-10-26T19:23:18.665Z", "additional_data": null}}, {"model": "auditlog.logentry", "pk": 57, "fields": {"content_type": 36, "object_pk": "1", "object_id": 1, "object_repr": "PreciNASH | ANR -> Inserm/Fonctionnement - 2020-01-01", "action": 0, "changes": "{\"id\": [\"None\", \"1\"], \"date\": [\"None\", \"2020-01-01\"], \"fund\": [\"None\", \"PreciNASH | ANR -> Inserm\"], \"type\": [\"None\", \"Fonctionnement\"], \"amount\": [\"None\", \"120\"]}", "actor": 1, "remote_addr": "192.168.1.91", "timestamp": "2022-10-26T19:41:58.449Z", "additional_data": null}}, {"model": "auditlog.logentry", "pk": 58, "fields": {"content_type": 36, "object_pk": "2", "object_id": 2, "object_repr": "PreciNASH | ANR -> Inserm/Frais de Gestion - 2020-01-01", "action": 0, "changes": "{\"id\": [\"None\", \"2\"], \"date\": [\"None\", \"2020-01-01\"], \"fund\": [\"None\", \"PreciNASH | ANR -> Inserm\"], \"type\": [\"None\", \"Frais de Gestion\"], \"amount\": [\"None\", \"345\"]}", "actor": 1, "remote_addr": "192.168.1.91", "timestamp": "2022-10-26T19:42:19.736Z", "additional_data": null}}, {"model": "auditlog.logentry", "pk": 59, "fields": {"content_type": 36, "object_pk": "3", "object_id": 3, "object_repr": "PreciNASH | ANR -> Inserm/Fonctionnement - 2021-01-01", "action": 0, "changes": "{\"id\": [\"None\", \"3\"], \"date\": [\"None\", \"2021-01-01\"], \"fund\": [\"None\", \"PreciNASH | ANR -> Inserm\"], \"type\": [\"None\", \"Fonctionnement\"], \"amount\": [\"None\", \"333\"]}", "actor": 1, "remote_addr": "192.168.1.91", "timestamp": "2022-10-26T20:00:08.796Z", "additional_data": null}}, {"model": "staff.employee", "pk": 1, "fields": {"first_name": "Benjamin", "last_name": "Legendre", "user": 1, "birth_date": "1980-01-10", "entry_date": "2017-01-21", "exit_date": null, "is_active": true}}, {"model": "staff.employee", "pk": 2, "fields": {"first_name": "Tben", "last_name": "Tleg", "user": 3, "birth_date": "2022-10-11", "entry_date": "2021-10-11", "exit_date": null, "is_active": true}}, {"model": "staff.employee", "pk": 3, "fields": {"first_name": "Carla", "last_name": "Bouafsour", "user": 5, "birth_date": "1980-03-08", "entry_date": "2022-10-11", "exit_date": null, "is_active": true}}, {"model": "staff.employee", "pk": 4, "fields": {"first_name": "Jean", "last_name": "Dupond", "user": 2, "birth_date": "2022-10-11", "entry_date": "2022-10-12", "exit_date": "2023-12-12", "is_active": true}}, {"model": "staff.employee", "pk": 5, "fields": {"first_name": "Jeannie", "last_name": "Rouach", "user": 4, "birth_date": "2022-10-11", "entry_date": "2022-10-11", "exit_date": null, "is_active": true}}, {"model": "staff.employee", "pk": 7, "fields": {"first_name": "Trois", "last_name": "Test", "user": 7, "birth_date": "2022-10-12", "entry_date": "2012-06-05", "exit_date": null, "is_active": true}}, {"model": "staff.employee", "pk": 35, "fields": {"first_name": "Deux", "last_name": "Test", "user": 6, "birth_date": null, "entry_date": null, "exit_date": null, "is_active": false}}, {"model": "staff.employee", "pk": 37, "fields": {"first_name": "Bignou", "last_name": "Standard", "user": null, "birth_date": "1902-06-15", "entry_date": "2001-12-31", "exit_date": null, "is_active": true}}, {"model": "staff.employee_status", "pk": 1, "fields": {"type": 1, "employee": 1, "start_date": "2012-01-01", "end_date": "2017-01-01", "is_contractual": "c"}}, {"model": "staff.employee_status", "pk": 4, "fields": {"type": 4, "employee": 3, "start_date": "2022-10-25", "end_date": null, "is_contractual": "c"}}, {"model": "staff.employee_status", "pk": 6, "fields": {"type": 1, "employee": 7, "start_date": "2022-10-13", "end_date": null, "is_contractual": "c"}}, {"model": "staff.employee_status", "pk": 7, "fields": {"type": 3, "employee": 7, "start_date": "2022-10-13", "end_date": null, "is_contractual": "c"}}, {"model": "staff.employee_status", "pk": 19, "fields": {"type": 2, "employee": 3, "start_date": "2020-12-12", "end_date": "2022-12-12", "is_contractual": "c"}}, {"model": "staff.employee_status", "pk": 69, "fields": {"type": 3, "employee": 5, "start_date": "2026-12-12", "end_date": null, "is_contractual": "c"}}, {"model": "staff.employee_status", "pk": 71, "fields": {"type": 2, "employee": 1, "start_date": "2017-01-01", "end_date": null, "is_contractual": "c"}}, {"model": "staff.employee_status", "pk": 73, "fields": {"type": 3, "employee": 2, "start_date": null, "end_date": null, "is_contractual": "c"}}, {"model": "staff.employee_type", "pk": 1, "fields": {"shortname": "ARC", "name": "Attaché de Recherche Clinique"}}, {"model": "staff.employee_type", "pk": 2, "fields": {"shortname": "PM", "name": "Project Manager"}}, {"model": "staff.employee_type", "pk": 3, "fields": {"shortname": "CR", "name": "Chargé de Recherche"}}, {"model": "staff.employee_type", "pk": 4, "fields": {"shortname": "DR", "name": "Directeur de Recherche"}}, {"model": "staff.employee_type", "pk": 5, "fields": {"shortname": "Doc", "name": "Doctorant"}}, {"model": "staff.employee_type", "pk": 6, "fields": {"shortname": "M1", "name": "Master1"}}, {"model": "staff.employee_type", "pk": 7, "fields": {"shortname": "M2", "name": "Master2"}}, {"model": "staff.team", "pk": 2, "fields": {"name": "Team #2", "leader": 5}}, {"model": "staff.team", "pk": 3, "fields": {"name": "Team #1", "leader": 1}}, {"model": "staff.teammate", "pk": 4, "fields": {"team": 2, "employee": 2}}, {"model": "staff.teammate", "pk": 8, "fields": {"team": 3, "employee": 2}}, {"model": "staff.teammate", "pk": 9, "fields": {"team": 3, "employee": 3}}, {"model": "staff.teammate", "pk": 12, "fields": {"team": 3, "employee": 5}}, {"model": "staff.teammate", "pk": 16, "fields": {"team": 2, "employee": 4}}, {"model": "project.institution", "pk": 1, "fields": {"short_name": "Inserm", "name": "Institut nserm", "adress": null}}, {"model": "project.institution", "pk": 2, "fields": {"short_name": "CHU Lille", "name": "Centre Hospit", "adress": null}}, {"model": "project.institution", "pk": 3, "fields": {"short_name": "UnivL", "name": "Université de Lille", "adress": null}}, {"model": "project.institution", "pk": 4, "fields": {"short_name": "Pasteur Lille", "name": "Institut Pasteur de Lille", "adress": null}}, {"model": "project.project", "pk": 1, "fields": {"name": "PreciNASH", "start_date": "2012-12-12", "end_date": "2023-08-12", "status": true}}, {"model": "project.project", "pk": 2, "fields": {"name": "Integra", "start_date": "2017-01-01", "end_date": "2020-12-31", "status": true}}, {"model": "project.project", "pk": 4, "fields": {"name": "Roupete", "start_date": "2020-12-12", "end_date": null, "status": true}}, {"model": "project.project", "pk": 5, "fields": {"name": "trest", "start_date": "2017-01-01", "end_date": null, "status": false}}, {"model": "project.institution_participant", "pk": 1, "fields": {"project": 1, "institution": 1, "status": "c"}}, {"model": "project.institution_participant", "pk": 2, "fields": {"project": 1, "institution": 2, "status": "p"}}, {"model": "project.institution_participant", "pk": 3, "fields": {"project": 1, "institution": 3, "status": "p"}}, {"model": "project.institution_participant", "pk": 4, "fields": {"project": 1, "institution": 4, "status": "p"}}, {"model": "project.institution_participant", "pk": 5, "fields": {"project": 2, "institution": 2, "status": "c"}}, {"model": "project.participant", "pk": 1, "fields": {"project": 1, "employee": 3, "start_date": "2012-12-01", "end_date": null, "status": "cl", "quotity": "0.500"}}, {"model": "project.participant", "pk": 2, "fields": {"project": 1, "employee": 4, "start_date": "2010-01-01", "end_date": null, "status": "p", "quotity": "1.000"}}, {"model": "project.participant", "pk": 4, "fields": {"project": 2, "employee": 1, "start_date": "2010-01-01", "end_date": null, "status": "l", "quotity": "0.300"}}, {"model": "project.participant", "pk": 5, "fields": {"project": 2, "employee": 35, "start_date": "2010-01-01", "end_date": null, "status": "p", "quotity": "0.000"}}, {"model": "project.participant", "pk": 6, "fields": {"project": 1, "employee": 1, "start_date": "2010-01-01", "end_date": null, "status": "p", "quotity": "0.500"}}, {"model": "project.participant", "pk": 22, "fields": {"project": 4, "employee": 1, "start_date": "2012-12-15", "end_date": null, "status": "l", "quotity": "0.500"}}, {"model": "project.participant", "pk": 23, "fields": {"project": 4, "employee": 4, "start_date": "2017-01-01", "end_date": null, "status": "p", "quotity": "0.000"}}, {"model": "project.participant", "pk": 24, "fields": {"project": 5, "employee": 1, "start_date": "2017-01-01", "end_date": null, "status": "cl", "quotity": "0.000"}}, {"model": "project.participant", "pk": 25, "fields": {"project": 1, "employee": 37, "start_date": "2012-12-12", "end_date": null, "status": "p", "quotity": "0.500"}}, {"model": "fund.cost_type", "pk": 1, "fields": {"parent": null, "short_name": "FCT", "name": "Fonctionnement", "lft": 1, "rght": 2, "tree_id": 1, "level": 0}}, {"model": "fund.cost_type", "pk": 2, "fields": {"parent": null, "short_name": "RH", "name": "Ressource Humaine", "lft": 1, "rght": 6, "tree_id": 3, "level": 0}}, {"model": "fund.cost_type", "pk": 3, "fields": {"parent": 2, "short_name": "RH CDD", "name": "Ressource Humaine CDD", "lft": 2, "rght": 3, "tree_id": 3, "level": 1}}, {"model": "fund.cost_type", "pk": 4, "fields": {"parent": 2, "short_name": "RH CDI", "name": "Ressource Humaine CDI", "lft": 4, "rght": 5, "tree_id": 3, "level": 1}}, {"model": "fund.cost_type", "pk": 5, "fields": {"parent": null, "short_name": "FG", "name": "Frais de Gestion", "lft": 1, "rght": 2, "tree_id": 2, "level": 0}}, {"model": "fund.fund_institution", "pk": 1, "fields": {"short_name": "ANR", "name": "Agence Nationale de la Recherche"}}, {"model": "fund.fund_institution", "pk": 2, "fields": {"short_name": "SFD", "name": "Société Française du Diabète"}}, {"model": "fund.fund_institution", "pk": 3, "fields": {"short_name": "FRM", "name": "Fondation de la Recherche Médicale"}}, {"model": "fund.fund_item", "pk": 1, "fields": {"type": 1, "amount": "120000.00", "fund": 1}}, {"model": "fund.fund_item", "pk": 2, "fields": {"type": 3, "amount": "850000.00", "fund": 1}}, {"model": "fund.fund_item", "pk": 3, "fields": {"type": 5, "amount": "1.00", "fund": 1}}, {"model": "fund.fund_item", "pk": 4, "fields": {"type": 1, "amount": "55000.00", "fund": 2}}, {"model": "fund.fund_item", "pk": 5, "fields": {"type": 2, "amount": "150000.00", "fund": 2}}, {"model": "fund.fund_item", "pk": 6, "fields": {"type": 1, "amount": "25000.00", "fund": 3}}, {"model": "fund.fund_item", "pk": 14, "fields": {"type": 5, "amount": "115000.00", "fund": 3}}, {"model": "fund.fund_item", "pk": 15, "fields": {"type": 4, "amount": "1200000.00", "fund": 1}}, {"model": "fund.fund_item", "pk": 16, "fields": {"type": 1, "amount": "90.00", "fund": 7}}, {"model": "fund.fund", "pk": 1, "fields": {"project": 1, "funder": 1, "institution": 1, "start_date": "2016-09-01", "end_date": null, "ref": "2RET"}}, {"model": "fund.fund", "pk": 2, "fields": {"project": 2, "funder": 2, "institution": 2, "start_date": "2017-01-01", "end_date": "2021-12-05", "ref": "aze"}}, {"model": "fund.fund", "pk": 3, "fields": {"project": 2, "funder": 3, "institution": 4, "start_date": "2018-06-15", "end_date": "2016-06-10", "ref": "REF5679"}}, {"model": "fund.fund", "pk": 7, "fields": {"project": 4, "funder": 2, "institution": 2, "start_date": "2020-12-12", "end_date": null, "ref": ""}}, {"model": "expense.expense", "pk": 25, "fields": {"date": "2012-12-12", "type": 3, "amount": "6043.00", "status": "e", "fund_item": 2}}, {"model": "expense.expense", "pk": 26, "fields": {"date": "2022-10-24", "type": 3, "amount": "55000.00", "status": "e", "fund_item": 1}}, {"model": "expense.expense", "pk": 27, "fields": {"date": "2022-10-24", "type": 3, "amount": "2000.00", "status": "e", "fund_item": 1}}, {"model": "expense.expense", "pk": 29, "fields": {"date": "2000-12-12", "type": 3, "amount": "21125.00", "status": "r", "fund_item": 2}}, {"model": "expense.expense", "pk": 30, "fields": {"date": "2013-12-01", "type": 3, "amount": "12200.00", "status": "r", "fund_item": 2}}, {"model": "expense.expense", "pk": 31, "fields": {"date": "2013-12-01", "type": 4, "amount": "12425.00", "status": "p", "fund_item": 2}}, {"model": "expense.expense", "pk": 34, "fields": {"date": "2013-12-01", "type": 3, "amount": "200.00", "status": "r", "fund_item": 7}}, {"model": "expense.expense", "pk": 35, "fields": {"date": "2000-12-12", "type": 2, "amount": "50.00", "status": "e", "fund_item": 7}}, {"model": "expense.expense", "pk": 37, "fields": {"date": "2013-12-01", "type": 2, "amount": "52000.00", "status": "r", "fund_item": 1}}, {"model": "expense.contract_expense", "pk": 25, "fields": {"contract": 2}}, {"model": "expense.contract_expense", "pk": 26, "fields": {"contract": 1}}, {"model": "expense.contract_expense", "pk": 27, "fields": {"contract": 1}}, {"model": "expense.contract_expense", "pk": 29, "fields": {"contract": 4}}, {"model": "expense.contract_expense", "pk": 30, "fields": {"contract": 2}}, {"model": "expense.contract_expense", "pk": 31, "fields": {"contract": 4}}, {"model": "expense.contract_expense", "pk": 34, "fields": {"contract": 9}}, {"model": "expense.contract_expense", "pk": 35, "fields": {"contract": 9}}, {"model": "expense.contract_expense", "pk": 37, "fields": {"contract": 14}}, {"model": "expense.budget_point", "pk": 1, "fields": {"date": "2020-01-01", "fund": 1, "type": 1, "amount": "120.00"}}, {"model": "expense.budget_point", "pk": 2, "fields": {"date": "2020-01-01", "fund": 1, "type": 5, "amount": "345.00"}}, {"model": "expense.budget_point", "pk": 3, "fields": {"date": "2021-01-01", "fund": 1, "type": 1, "amount": "333.00"}}, {"model": "expense.contract_type", "pk": 1, "fields": {"name": "CDD"}}, {"model": "expense.contract_type", "pk": 2, "fields": {"name": "CDI"}}, {"model": "expense.contract_type", "pk": 3, "fields": {"name": "Vacation"}}, {"model": "expense.contract_type", "pk": 4, "fields": {"name": "Stage"}}, {"model": "expense.contract_type", "pk": 5, "fields": {"name": "CUMUL"}}, {"model": "expense.contract", "pk": 1, "fields": {"employee": 1, "start_date": "2017-01-01", "end_date": null, "quotity": "0.100", "fund": 1, "contract_type": 1, "is_active": true}}, {"model": "expense.contract", "pk": 2, "fields": {"employee": 3, "start_date": "2017-01-01", "end_date": "2022-12-31", "quotity": "1.000", "fund": 2, "contract_type": 3, "is_active": true}}, {"model": "expense.contract", "pk": 3, "fields": {"employee": 3, "start_date": "2012-12-15", "end_date": null, "quotity": "0.250", "fund": 3, "contract_type": 5, "is_active": true}}, {"model": "expense.contract", "pk": 4, "fields": {"employee": 1, "start_date": "2017-01-01", "end_date": "2022-12-01", "quotity": "0.300", "fund": 2, "contract_type": 3, "is_active": false}}, {"model": "expense.contract", "pk": 9, "fields": {"employee": 1, "start_date": "2012-12-12", "end_date": null, "quotity": "0.200", "fund": 7, "contract_type": 1, "is_active": true}}, {"model": "expense.contract", "pk": 12, "fields": {"employee": 5, "start_date": "2015-05-01", "end_date": null, "quotity": "1.000", "fund": 7, "contract_type": 1, "is_active": true}}, {"model": "expense.contract", "pk": 13, "fields": {"employee": 35, "start_date": "2017-01-01", "end_date": null, "quotity": "0.300", "fund": 3, "contract_type": 1, "is_active": false}}, {"model": "expense.contract", "pk": 14, "fields": {"employee": 37, "start_date": "2022-10-26", "end_date": null, "quotity": "1.000", "fund": 1, "contract_type": 1, "is_active": true}}]