[
{
    "model": "auth.user",
    "fields": {
        "password": "pbkdf2_sha256$390000$PL8qBOVn7eCqj1LkbdC5A4$iE5s9Tf1AEPxmUb0zPOSYo0gaq02AknivO3md3sLEAk=",
        "last_login": "2022-11-02T14:42:44.722Z",
        "is_superuser": true,
        "username": "ben",
        "first_name": "",
        "last_name": "",
        "email": "bb@bb.com",
        "is_staff": true,
        "is_active": true,
        "date_joined": "2022-10-29T06:38:40.534Z",
        "groups": [],
        "user_permissions": []
    }
},
{
    "model": "sessions.session",
    "pk": "82qh0s8kcmz0tu1ch665jfpa6gwlkeff",
    "fields": {
        "session_data": ".eJxVjEEOwiAQRe_C2hCGWhhcuu8ZCDCDVA0kpV0Z765NutDtf-_9l_BhW4vfOi9-JnERIE6_WwzpwXUHdA_11mRqdV3mKHdFHrTLqRE_r4f7d1BCL9-ayXFGGmBUZCihdYrRRXPW2gwj5GwGdMZZZcBh1GxVYkBQhDEqC0m8P9Y3Ny4:1oqERl:bp26oZUlXYAEuTEL_V8XTLWzbttXXsfE6XvEGtCitcY",
        "expire_date": "2022-11-16T14:10:25.090Z"
    }
},
{
    "model": "sessions.session",
    "pk": "del2p9qil1pfzmtrudcnpy03sl2r6jeq",
    "fields": {
        "session_data": ".eJxVjEEOwiAQRe_C2hCGWhhcuu8ZCDCDVA0kpV0Z765NutDtf-_9l_BhW4vfOi9-JnERIE6_WwzpwXUHdA_11mRqdV3mKHdFHrTLqRE_r4f7d1BCL9-ayXFGGmBUZCihdYrRRXPW2gwj5GwGdMZZZcBh1GxVYkBQhDEqC0m8P9Y3Ny4:1opvl7:qF1lRSQ1Isibl675IpSBN40WiQeAFYbdGOwlpOUiydw",
        "expire_date": "2022-11-15T18:13:09.616Z"
    }
},
{
    "model": "sessions.session",
    "pk": "phtivg13ogjknt6ekirz5ylsdpuku5o6",
    "fields": {
        "session_data": ".eJxVjEEOwiAQRe_C2hCGWhhcuu8ZCDCDVA0kpV0Z765NutDtf-_9l_BhW4vfOi9-JnERIE6_WwzpwXUHdA_11mRqdV3mKHdFHrTLqRE_r4f7d1BCL9-ayXFGGmBUZCihdYrRRXPW2gwj5GwGdMZZZcBh1GxVYkBQhDEqC0m8P9Y3Ny4:1oqEx2:vLCWAYO5THccFVQk11OvfUWkCVm5JSPBq0UshAPzVjY",
        "expire_date": "2022-11-16T14:42:44.803Z"
    }
},
{
    "model": "sessions.session",
    "pk": "ps0nbs871aq7ynnugay9qpxd79yepjml",
    "fields": {
        "session_data": ".eJxVjEEOwiAQRe_C2hCGWhhcuu8ZCDCDVA0kpV0Z765NutDtf-_9l_BhW4vfOi9-JnERIE6_WwzpwXUHdA_11mRqdV3mKHdFHrTLqRE_r4f7d1BCL9-ayXFGGmBUZCihdYrRRXPW2gwj5GwGdMZZZcBh1GxVYkBQhDEqC0m8P9Y3Ny4:1oqEF1:kpejBwUjXotrZKgEp9bfl6EWrYEYdDrpHkdak4SdhM0",
        "expire_date": "2022-11-16T13:57:15.396Z"
    }
},
{
    "model": "sessions.session",
    "pk": "sabv9zwz7qg9vicm8itbyyxenrvayftq",
    "fields": {
        "session_data": ".eJxVjEEOwiAQRe_C2hCGWhhcuu8ZCDCDVA0kpV0Z765NutDtf-_9l_BhW4vfOi9-JnERIE6_WwzpwXUHdA_11mRqdV3mKHdFHrTLqRE_r4f7d1BCL9-ayXFGGmBUZCihdYrRRXPW2gwj5GwGdMZZZcBh1GxVYkBQhDEqC0m8P9Y3Ny4:1oofVA:4de6gqk7DJbi5ogEUM3-PY_b6NktT_riUFtv5DFaCJQ",
        "expire_date": "2022-11-12T06:39:28.672Z"
    }
},
{
    "model": "sessions.session",
    "pk": "y4axz7vnoq96o42bf6cmegdbh753ns6i",
    "fields": {
        "session_data": ".eJxVjEEOwiAQRe_C2hCGWhhcuu8ZCDCDVA0kpV0Z765NutDtf-_9l_BhW4vfOi9-JnERIE6_WwzpwXUHdA_11mRqdV3mKHdFHrTLqRE_r4f7d1BCL9-ayXFGGmBUZCihdYrRRXPW2gwj5GwGdMZZZcBh1GxVYkBQhDEqC0m8P9Y3Ny4:1oqEZv:53w5yFmBU1EFYx5JJn40BiNA7sZsOVy17G40aJfiB54",
        "expire_date": "2022-11-16T14:18:51.826Z"
    }
},
{
    "model": "sites.site",
    "fields": {
        "domain": "labsmanager.legendre-ratajczak.fr",
        "name": "labsmanager"
    }
},
{
    "model": "project.institution",
    "pk": 1,
    "fields": {
        "short_name": "Inserm",
        "name": "Institut National de la Recherceh Médicale",
        "adress": null
    }
},
{
    "model": "project.institution",
    "pk": 2,
    "fields": {
        "short_name": "ULille",
        "name": "Université de Lille",
        "adress": null
    }
},
{
    "model": "project.institution",
    "pk": 3,
    "fields": {
        "short_name": "CHU Lille",
        "name": "Centre Hospitalier Universitaire de Lille",
        "adress": null
    }
},
{
    "model": "project.institution",
    "pk": 4,
    "fields": {
        "short_name": "IPL",
        "name": "Institut Pasteur de Lille",
        "adress": null
    }
},
{
    "model": "project.project",
    "pk": 1,
    "fields": {
        "name": "ADOCIA - V. GMYR - U1190",
        "start_date": "2018-01-03",
        "end_date": "2022-12-31",
        "status": true
    }
},
{
    "model": "project.project",
    "pk": 2,
    "fields": {
        "name": "ADR 2018 M. CHETBOUN U1190",
        "start_date": "2018-01-03",
        "end_date": "2022-12-31",
        "status": true
    }
},
{
    "model": "project.project",
    "pk": 3,
    "fields": {
        "name": "AENITIS V. GMYR - U1190",
        "start_date": "2021-03-04",
        "end_date": "2022-09-03",
        "status": true
    }
},
{
    "model": "project.project",
    "pk": 4,
    "fields": {
        "name": "AGENCE BIOMEDECINE U1190",
        "start_date": "2017-09-18",
        "end_date": "2022-12-31",
        "status": true
    }
},
{
    "model": "project.project",
    "pk": 5,
    "fields": {
        "name": "ANR 2017 F. PATTOU U1190",
        "start_date": "2017-10-01",
        "end_date": "2021-03-31",
        "status": true
    }
},
{
    "model": "project.project",
    "pk": 6,
    "fields": {
        "name": "ANR HSCreg F.PATTOU U1190",
        "start_date": "2021-11-01",
        "end_date": "2024-10-31",
        "status": true
    }
},
{
    "model": "project.project",
    "pk": 7,
    "fields": {
        "name": "ANR MET-INTESTIN PATTOU U1190",
        "start_date": "2018-10-01",
        "end_date": "2023-05-31",
        "status": true
    }
},
{
    "model": "project.project",
    "pk": 8,
    "fields": {
        "name": "ANR MIGAD - F. PATTOU - U1190",
        "start_date": "2021-10-01",
        "end_date": "2025-09-30",
        "status": true
    }
},
{
    "model": "project.project",
    "pk": 9,
    "fields": {
        "name": "ARD 2017 VANTHYGEM U1190",
        "start_date": "2016-12-29",
        "end_date": "2022-12-31",
        "status": true
    }
},
{
    "model": "project.project",
    "pk": 10,
    "fields": {
        "name": "ARD MC VANTYGHEM U859",
        "start_date": "2014-02-01",
        "end_date": "2021-12-31",
        "status": true
    }
},
{
    "model": "project.project",
    "pk": 11,
    "fields": {
        "name": "ASTRA_ZENECA_1190_PATTOU_J",
        "start_date": "2020-11-17",
        "end_date": "2023-05-16",
        "status": true
    }
},
{
    "model": "project.project",
    "pk": 12,
    "fields": {
        "name": "BIOXODES - V. GMYR - U1190",
        "start_date": "2021-03-15",
        "end_date": "2023-09-14",
        "status": true
    }
},
{
    "model": "project.project",
    "pk": 13,
    "fields": {
        "name": "DiogenX - F.PATTOU - U1190",
        "start_date": "2021-05-19",
        "end_date": "2022-10-30",
        "status": true
    }
},
{
    "model": "project.project",
    "pk": 14,
    "fields": {
        "name": "Dotation 2019 - U1190",
        "start_date": "2019-01-01",
        "end_date": "2019-12-31",
        "status": true
    }
},
{
    "model": "project.project",
    "pk": 15,
    "fields": {
        "name": "DOTATION 2020 - U1190",
        "start_date": "2020-01-01",
        "end_date": "2020-12-31",
        "status": true
    }
},
{
    "model": "project.project",
    "pk": 16,
    "fields": {
        "name": "DOTATION 2022 - U1190",
        "start_date": "2022-01-01",
        "end_date": "2022-12-31",
        "status": true
    }
},
{
    "model": "project.project",
    "pk": 17,
    "fields": {
        "name": "EFSD 2021 SAPONARO U1190",
        "start_date": "2021-06-01",
        "end_date": "2023-05-31",
        "status": true
    }
},
{
    "model": "project.project",
    "pk": 18,
    "fields": {
        "name": "EGID BIOTECH Feder U1190",
        "start_date": "2019-04-01",
        "end_date": "2023-05-30",
        "status": true
    }
},
{
    "model": "project.project",
    "pk": 19,
    "fields": {
        "name": "FCA 2015 F PATTOU U1190",
        "start_date": "2015-12-09",
        "end_date": "2021-09-01",
        "status": true
    }
},
{
    "model": "project.project",
    "pk": 20,
    "fields": {
        "name": "FOND AVENIR M CHETBOUN U1190",
        "start_date": "2018-10-01",
        "end_date": "2021-09-01",
        "status": true
    }
},
{
    "model": "project.project",
    "pk": 21,
    "fields": {
        "name": "FRM F. PATTOU U1190",
        "start_date": "2021-09-01",
        "end_date": "2023-08-31",
        "status": true
    }
},
{
    "model": "project.project",
    "pk": 22,
    "fields": {
        "name": "I SITE CO TUTELLE THESE U1190",
        "start_date": "2018-10-01",
        "end_date": "2022-09-30",
        "status": true
    }
},
{
    "model": "project.project",
    "pk": 23,
    "fields": {
        "name": "LABEX EGID PHASE2",
        "start_date": "2020-10-28",
        "end_date": "2024-12-31",
        "status": true
    }
},
{
    "model": "project.project",
    "pk": 24,
    "fields": {
        "name": "LABEX EGID UNIV LILLE2",
        "start_date": "2013-10-01",
        "end_date": "2022-12-31",
        "status": true
    }
},
{
    "model": "project.project",
    "pk": 25,
    "fields": {
        "name": "MAASTRICHT UNIV. PATTOU U1190",
        "start_date": "2021-10-15",
        "end_date": "2023-06-30",
        "status": true
    }
},
{
    "model": "project.project",
    "pk": 26,
    "fields": {
        "name": "RHU PRECINASH",
        "start_date": "2016-09-01",
        "end_date": "2022-12-31",
        "status": true
    }
},
{
    "model": "project.project",
    "pk": 27,
    "fields": {
        "name": "SANTELYS MC VANTYGHEM U1190",
        "start_date": "2017-06-07",
        "end_date": "2023-02-07",
        "status": true
    }
},
{
    "model": "project.project",
    "pk": 28,
    "fields": {
        "name": "SENTINHEALTH F. PATTOU U1190",
        "start_date": "2020-09-01",
        "end_date": "2022-10-31",
        "status": true
    }
},
{
    "model": "project.project",
    "pk": 29,
    "fields": {
        "name": "SFD - M. MAANAOUI U1190",
        "start_date": "2021-02-09",
        "end_date": "2023-12-31",
        "status": true
    }
},
{
    "model": "project.project",
    "pk": 30,
    "fields": {
        "name": "SFE H DUPUIS U1190",
        "start_date": "2020-11-01",
        "end_date": "2021-11-30",
        "status": true
    }
},
{
    "model": "project.project",
    "pk": 31,
    "fields": {
        "name": "U1190 - DOTATION 2015",
        "start_date": "2015-01-01",
        "end_date": "2015-12-31",
        "status": true
    }
},
{
    "model": "project.project",
    "pk": 32,
    "fields": {
        "name": "AREM BOURSES U1277/U1190",
        "start_date": "2022-06-13",
        "end_date": "2023-06-12",
        "status": true
    }
},
{
    "model": "project.project",
    "pk": 33,
    "fields": {
        "name": "Abos",
        "start_date": "2016-01-01",
        "end_date": "2023-12-31",
        "status": true
    }
},
{
    "model": "project.project",
    "pk": 34,
    "fields": {
        "name": "BETACURE",
        "start_date": "2016-01-01",
        "end_date": "2020-12-31",
        "status": true
    }
},
{
    "model": "project.project",
    "pk": 35,
    "fields": {
        "name": "Compte d'attente Pr Pattou",
        "start_date": "2016-01-01",
        "end_date": "2075-12-31",
        "status": true
    }
},
{
    "model": "project.project",
    "pk": 36,
    "fields": {
        "name": "Contrat de collaboration - 2018/0530",
        "start_date": "2016-01-01",
        "end_date": "2075-12-31",
        "status": true
    }
},
{
    "model": "project.project",
    "pk": 38,
    "fields": {
        "name": "conv rev EGID année 11",
        "start_date": "2022-01-01",
        "end_date": "2023-12-31",
        "status": true
    }
},
{
    "model": "project.project",
    "pk": 39,
    "fields": {
        "name": "Convention d’aide au projet B4H",
        "start_date": "2019-10-01",
        "end_date": "2022-10-01",
        "status": true
    }
},
{
    "model": "project.project",
    "pk": 40,
    "fields": {
        "name": "Convention de collaboration - MEDTRONIC",
        "start_date": "2018-01-01",
        "end_date": "2020-12-31",
        "status": true
    }
},
{
    "model": "project.project",
    "pk": 41,
    "fields": {
        "name": "Financement GIRCI  - AAP Aide à l'Emergence - METT",
        "start_date": "2018-01-01",
        "end_date": "2020-12-31",
        "status": true
    }
},
{
    "model": "project.project",
    "pk": 42,
    "fields": {
        "name": "I-SITE :Coeliocovid",
        "start_date": "2020-01-01",
        "end_date": "2022-12-31",
        "status": true
    }
},
{
    "model": "project.project",
    "pk": 43,
    "fields": {
        "name": "MINIOB",
        "start_date": "2017-01-01",
        "end_date": "2021-12-31",
        "status": true
    }
},
{
    "model": "project.project",
    "pk": 44,
    "fields": {
        "name": "PERSO-SURG",
        "start_date": "2022-05-05",
        "end_date": "2023-07-30",
        "status": true
    }
},
{
    "model": "project.project",
    "pk": 45,
    "fields": {
        "name": "PHRC AUTOLOG",
        "start_date": "2020-01-01",
        "end_date": "2020-12-31",
        "status": true
    }
},
{
    "model": "project.project",
    "pk": 46,
    "fields": {
        "name": "PHRC DIABSURG",
        "start_date": "2011-08-08",
        "end_date": "2021-08-08",
        "status": true
    }
},
{
    "model": "project.project",
    "pk": 47,
    "fields": {
        "name": "PHRC SEXOB",
        "start_date": "2012-05-01",
        "end_date": "2021-01-01",
        "status": true
    }
},
{
    "model": "project.project",
    "pk": 48,
    "fields": {
        "name": "PHRC-I PRECISurg",
        "start_date": "2020-01-01",
        "end_date": "2022-12-31",
        "status": true
    }
},
{
    "model": "project.project",
    "pk": 49,
    "fields": {
        "name": "PHRCK TPIAT-01",
        "start_date": "2021-04-15",
        "end_date": "2025-05-01",
        "status": true
    }
},
{
    "model": "project.project",
    "pk": 50,
    "fields": {
        "name": "PHRCN BIPASS",
        "start_date": "2021-05-20",
        "end_date": "2023-01-23",
        "status": true
    }
},
{
    "model": "project.project",
    "pk": 51,
    "fields": {
        "name": "PRECOS",
        "start_date": "2020-01-01",
        "end_date": "2022-12-31",
        "status": true
    }
},
{
    "model": "project.project",
    "pk": 52,
    "fields": {
        "name": "PREPS TELEBARIA",
        "start_date": "2021-03-25",
        "end_date": "2024-03-31",
        "status": true
    }
},
{
    "model": "project.project",
    "pk": 53,
    "fields": {
        "name": "Projet \"EGID\" - Année 10",
        "start_date": "2020-01-01",
        "end_date": "2022-12-31",
        "status": true
    }
},
{
    "model": "project.project",
    "pk": 54,
    "fields": {
        "name": "Projet ECIT Islets for Basic Research",
        "start_date": "2019-12-31",
        "end_date": "2020-12-31",
        "status": true
    }
},
{
    "model": "project.project",
    "pk": 55,
    "fields": {
        "name": "Projet IRCO",
        "start_date": "2016-02-24",
        "end_date": "2020-02-13",
        "status": true
    }
},
{
    "model": "project.project",
    "pk": 56,
    "fields": {
        "name": "Protocole YOMEGA",
        "start_date": "2022-04-01",
        "end_date": "2024-09-01",
        "status": true
    }
},
{
    "model": "project.project",
    "pk": 57,
    "fields": {
        "name": "RHAPSODY",
        "start_date": "2016-04-01",
        "end_date": "2021-09-30",
        "status": true
    }
},
{
    "model": "project.project",
    "pk": 58,
    "fields": {
        "name": "SOPHIA",
        "start_date": "2020-06-01",
        "end_date": "2025-05-31",
        "status": true
    }
},
{
    "model": "project.project",
    "pk": 59,
    "fields": {
        "name": "STABILOT",
        "start_date": "2016-07-07",
        "end_date": "2021-12-31",
        "status": true
    }
},
{
    "model": "project.project",
    "pk": 60,
    "fields": {
        "name": "STIC Apollo",
        "start_date": "2020-01-01",
        "end_date": "2020-12-31",
        "status": true
    }
},
{
    "model": "project.project",
    "pk": 61,
    "fields": {
        "name": "STIC Endomettab",
        "start_date": "2015-11-01",
        "end_date": "2022-06-01",
        "status": true
    }
},
{
    "model": "project.project",
    "pk": 62,
    "fields": {
        "name": "SFD S.ESPIARD U1190",
        "start_date": "2022-07-01",
        "end_date": "2024-06-30",
        "status": true
    }
},
{
    "model": "fund.cost_type",
    "pk": 1,
    "fields": {
        "parent": null,
        "short_name": "FCT",
        "name": "Fonctionnement",
        "lft": 1,
        "rght": 2,
        "tree_id": 2,
        "level": 0
    }
},
{
    "model": "fund.cost_type",
    "pk": 2,
    "fields": {
        "parent": null,
        "short_name": "MISSION",
        "name": "Mission",
        "lft": 1,
        "rght": 2,
        "tree_id": 4,
        "level": 0
    }
},
{
    "model": "fund.cost_type",
    "pk": 3,
    "fields": {
        "parent": null,
        "short_name": "EQUIP",
        "name": "Equipement",
        "lft": 1,
        "rght": 2,
        "tree_id": 1,
        "level": 0
    }
},
{
    "model": "fund.cost_type",
    "pk": 4,
    "fields": {
        "parent": null,
        "short_name": "PRESTA",
        "name": "Prestation",
        "lft": 1,
        "rght": 2,
        "tree_id": 5,
        "level": 0
    }
},
{
    "model": "fund.cost_type",
    "pk": 5,
    "fields": {
        "parent": null,
        "short_name": "RH",
        "name": "Ressource Humaine",
        "lft": 1,
        "rght": 6,
        "tree_id": 6,
        "level": 0
    }
},
{
    "model": "fund.cost_type",
    "pk": 6,
    "fields": {
        "parent": 5,
        "short_name": "RH CDD",
        "name": "Ressource Humaine CDD",
        "lft": 2,
        "rght": 3,
        "tree_id": 6,
        "level": 1
    }
},
{
    "model": "fund.cost_type",
    "pk": 7,
    "fields": {
        "parent": 5,
        "short_name": "RH CDI",
        "name": "Ressource Humaine CDI",
        "lft": 4,
        "rght": 5,
        "tree_id": 6,
        "level": 1
    }
},
{
    "model": "fund.cost_type",
    "pk": 8,
    "fields": {
        "parent": null,
        "short_name": "FG",
        "name": "Frais de Gestion",
        "lft": 1,
        "rght": 6,
        "tree_id": 3,
        "level": 0
    }
},
{
    "model": "fund.cost_type",
    "pk": 9,
    "fields": {
        "parent": 8,
        "short_name": "FG Instit",
        "name": "Frais de Gestion Institutionnel",
        "lft": 4,
        "rght": 5,
        "tree_id": 3,
        "level": 1
    }
},
{
    "model": "fund.cost_type",
    "pk": 10,
    "fields": {
        "parent": 8,
        "short_name": "FG Labo",
        "name": "Frais de Gesiton Labo",
        "lft": 2,
        "rght": 3,
        "tree_id": 3,
        "level": 1
    }
},
{
    "model": "fund.cost_type",
    "pk": 11,
    "fields": {
        "parent": null,
        "short_name": "REVERS",
        "name": "Reversement",
        "lft": 1,
        "rght": 2,
        "tree_id": 7,
        "level": 0
    }
},
{
    "model": "fund.fund_institution",
    "pk": 1,
    "fields": {
        "short_name": "Adocia",
        "name": "Adocia"
    }
},
{
    "model": "fund.fund_institution",
    "pk": 2,
    "fields": {
        "short_name": "Bioxodes",
        "name": "Bioxodes"
    }
},
{
    "model": "fund.fund_institution",
    "pk": 3,
    "fields": {
        "short_name": "ARD",
        "name": "Fondation ANNE-MARIE ET ROGER DREYFUS"
    }
},
{
    "model": "fund.fund_institution",
    "pk": 4,
    "fields": {
        "short_name": "AENITIS",
        "name": "AENITIS"
    }
},
{
    "model": "fund.fund_institution",
    "pk": 5,
    "fields": {
        "short_name": "ABM",
        "name": "Agence Biomedecine"
    }
},
{
    "model": "fund.fund_institution",
    "pk": 6,
    "fields": {
        "short_name": "ANR",
        "name": "Agence Nationale de la Recherche"
    }
},
{
    "model": "fund.fund_institution",
    "pk": 7,
    "fields": {
        "short_name": "AstraZ",
        "name": "AstraZeneca"
    }
},
{
    "model": "fund.fund_institution",
    "pk": 8,
    "fields": {
        "short_name": "DiogenX",
        "name": "DiogenX"
    }
},
{
    "model": "fund.fund_institution",
    "pk": 9,
    "fields": {
        "short_name": "Inserm",
        "name": "Institut National de la Recherceh Médicale"
    }
},
{
    "model": "fund.fund_institution",
    "pk": 10,
    "fields": {
        "short_name": "ULille",
        "name": "Université de Lille"
    }
},
{
    "model": "fund.fund_institution",
    "pk": 11,
    "fields": {
        "short_name": "IPL",
        "name": "Institut Pasteur de Lille"
    }
},
{
    "model": "fund.fund_institution",
    "pk": 12,
    "fields": {
        "short_name": "F_AVENIR",
        "name": "Fondation de l'avenir"
    }
},
{
    "model": "fund.fund_institution",
    "pk": 13,
    "fields": {
        "short_name": "FRM",
        "name": "Fondation de la Recherche Médicale"
    }
},
{
    "model": "fund.fund_institution",
    "pk": 14,
    "fields": {
        "short_name": "I-Site",
        "name": "I-site"
    }
},
{
    "model": "fund.fund_institution",
    "pk": 15,
    "fields": {
        "short_name": "MAASTRICHT",
        "name": "MAASTRICHT University"
    }
},
{
    "model": "fund.fund_institution",
    "pk": 16,
    "fields": {
        "short_name": "SANTELYS",
        "name": "SANTELYS"
    }
},
{
    "model": "fund.fund_institution",
    "pk": 17,
    "fields": {
        "short_name": "SENTINHEAL",
        "name": "SENTINHEALTH"
    }
},
{
    "model": "fund.fund_institution",
    "pk": 18,
    "fields": {
        "short_name": "SFD",
        "name": "Société Française du Diabète"
    }
},
{
    "model": "fund.fund_institution",
    "pk": 19,
    "fields": {
        "short_name": "SFE",
        "name": "société française d'endocrinologie"
    }
},
{
    "model": "fund.fund_institution",
    "pk": 20,
    "fields": {
        "short_name": "PHRC",
        "name": "PHRC"
    }
},
{
    "model": "fund.fund_institution",
    "pk": 21,
    "fields": {
        "short_name": "Region HDF",
        "name": "Région Haut de France"
    }
},
{
    "model": "fund.fund_institution",
    "pk": 22,
    "fields": {
        "short_name": "IMI",
        "name": "IMI"
    }
},
{
    "model": "fund.fund_institution",
    "pk": 23,
    "fields": {
        "short_name": "EFSD",
        "name": "European Fundation for the Study of Diabetes"
    }
},
{
    "model": "fund.fund_institution",
    "pk": 24,
    "fields": {
        "short_name": "Inserm",
        "name": "Institut National de la Recherceh Médicale"
    }
},
{
    "model": "fund.fund_institution",
    "pk": 25,
    "fields": {
        "short_name": "CHU Lille",
        "name": "Centre Hospitalier Universitaire de Lille"
    }
},
{
    "model": "fund.fund_institution",
    "pk": 26,
    "fields": {
        "short_name": "CNRS",
        "name": "Centre Nationale de la Recherche Scientifique"
    }
},
{
    "model": "fund.fund_institution",
    "pk": 27,
    "fields": {
        "short_name": "MEDTronic",
        "name": "MEDTronic"
    }
},
{
    "model": "fund.fund_item",
    "pk": 1,
    "fields": {
        "type": 3,
        "amount": "12071.38",
        "fund": 1
    }
},
{
    "model": "fund.fund_item",
    "pk": 2,
    "fields": {
        "type": 4,
        "amount": "57648.98",
        "fund": 1
    }
},
{
    "model": "fund.fund_item",
    "pk": 3,
    "fields": {
        "type": 9,
        "amount": "10889.72",
        "fund": 1
    }
},
{
    "model": "fund.fund_item",
    "pk": 4,
    "fields": {
        "type": 8,
        "amount": "7367.00",
        "fund": 1
    }
},
{
    "model": "fund.fund_item",
    "pk": 5,
    "fields": {
        "type": 1,
        "amount": "4110.92",
        "fund": 1
    }
},
{
    "model": "fund.fund_item",
    "pk": 6,
    "fields": {
        "type": 1,
        "amount": "16846.00",
        "fund": 2
    }
},
{
    "model": "fund.fund_item",
    "pk": 7,
    "fields": {
        "type": 8,
        "amount": "2250.00",
        "fund": 2
    }
},
{
    "model": "fund.fund_item",
    "pk": 8,
    "fields": {
        "type": 6,
        "amount": "3404.34",
        "fund": 2
    }
},
{
    "model": "fund.fund_item",
    "pk": 9,
    "fields": {
        "type": 3,
        "amount": "14759.00",
        "fund": 3
    }
},
{
    "model": "fund.fund_item",
    "pk": 10,
    "fields": {
        "type": 1,
        "amount": "49449.70",
        "fund": 3
    }
},
{
    "model": "fund.fund_item",
    "pk": 11,
    "fields": {
        "type": 8,
        "amount": "15791.30",
        "fund": 3
    }
},
{
    "model": "fund.fund_item",
    "pk": 12,
    "fields": {
        "type": 1,
        "amount": "26419.26",
        "fund": 4
    }
},
{
    "model": "fund.fund_item",
    "pk": 13,
    "fields": {
        "type": 6,
        "amount": "4930.74",
        "fund": 4
    }
},
{
    "model": "fund.fund_item",
    "pk": 14,
    "fields": {
        "type": 8,
        "amount": "1650.00",
        "fund": 4
    }
},
{
    "model": "fund.fund_item",
    "pk": 15,
    "fields": {
        "type": 1,
        "amount": "52092.60",
        "fund": 5
    }
},
{
    "model": "fund.fund_item",
    "pk": 16,
    "fields": {
        "type": 6,
        "amount": "27086.19",
        "fund": 5
    }
},
{
    "model": "fund.fund_item",
    "pk": 17,
    "fields": {
        "type": 8,
        "amount": "6321.21",
        "fund": 5
    }
},
{
    "model": "fund.fund_item",
    "pk": 18,
    "fields": {
        "type": 1,
        "amount": "52092.60",
        "fund": 6
    }
},
{
    "model": "fund.fund_item",
    "pk": 19,
    "fields": {
        "type": 6,
        "amount": "27086.19",
        "fund": 6
    }
},
{
    "model": "fund.fund_item",
    "pk": 20,
    "fields": {
        "type": 8,
        "amount": "6321.21",
        "fund": 6
    }
},
{
    "model": "fund.fund_item",
    "pk": 21,
    "fields": {
        "type": 1,
        "amount": "36000.00",
        "fund": 7
    }
},
{
    "model": "fund.fund_item",
    "pk": 22,
    "fields": {
        "type": 2,
        "amount": "5000.00",
        "fund": 7
    }
},
{
    "model": "fund.fund_item",
    "pk": 23,
    "fields": {
        "type": 4,
        "amount": "58000.00",
        "fund": 7
    }
},
{
    "model": "fund.fund_item",
    "pk": 24,
    "fields": {
        "type": 6,
        "amount": "165111.11",
        "fund": 7
    }
},
{
    "model": "fund.fund_item",
    "pk": 25,
    "fields": {
        "type": 8,
        "amount": "21128.89",
        "fund": 7
    }
},
{
    "model": "fund.fund_item",
    "pk": 26,
    "fields": {
        "type": 1,
        "amount": "20000.00",
        "fund": 8
    }
},
{
    "model": "fund.fund_item",
    "pk": 27,
    "fields": {
        "type": 8,
        "amount": "10000.00",
        "fund": 8
    }
},
{
    "model": "fund.fund_item",
    "pk": 28,
    "fields": {
        "type": 2,
        "amount": "2000.00",
        "fund": 8
    }
},
{
    "model": "fund.fund_item",
    "pk": 29,
    "fields": {
        "type": 6,
        "amount": "46000.00",
        "fund": 8
    }
},
{
    "model": "fund.fund_item",
    "pk": 30,
    "fields": {
        "type": 1,
        "amount": "8745.73",
        "fund": 9
    }
},
{
    "model": "fund.fund_item",
    "pk": 31,
    "fields": {
        "type": 6,
        "amount": "6254.27",
        "fund": 9
    }
},
{
    "model": "fund.fund_item",
    "pk": 32,
    "fields": {
        "type": 1,
        "amount": "47929.28",
        "fund": 10
    }
},
{
    "model": "fund.fund_item",
    "pk": 33,
    "fields": {
        "type": 6,
        "amount": "7070.72",
        "fund": 10
    }
},
{
    "model": "fund.fund_item",
    "pk": 34,
    "fields": {
        "type": 1,
        "amount": "33750.00",
        "fund": 11
    }
},
{
    "model": "fund.fund_item",
    "pk": 35,
    "fields": {
        "type": 8,
        "amount": "20000.00",
        "fund": 11
    }
},
{
    "model": "fund.fund_item",
    "pk": 36,
    "fields": {
        "type": 6,
        "amount": "46250.00",
        "fund": 11
    }
},
{
    "model": "fund.fund_item",
    "pk": 37,
    "fields": {
        "type": 3,
        "amount": "7882.64",
        "fund": 12
    }
},
{
    "model": "fund.fund_item",
    "pk": 38,
    "fields": {
        "type": 1,
        "amount": "75369.35",
        "fund": 12
    }
},
{
    "model": "fund.fund_item",
    "pk": 39,
    "fields": {
        "type": 8,
        "amount": "23525.56",
        "fund": 12
    }
},
{
    "model": "fund.fund_item",
    "pk": 40,
    "fields": {
        "type": 5,
        "amount": "3850.20",
        "fund": 12
    }
},
{
    "model": "fund.fund_item",
    "pk": 41,
    "fields": {
        "type": 3,
        "amount": "6469.90",
        "fund": 13
    }
},
{
    "model": "fund.fund_item",
    "pk": 42,
    "fields": {
        "type": 1,
        "amount": "44949.25",
        "fund": 13
    }
},
{
    "model": "fund.fund_item",
    "pk": 43,
    "fields": {
        "type": 8,
        "amount": "23097.82",
        "fund": 13
    }
},
{
    "model": "fund.fund_item",
    "pk": 44,
    "fields": {
        "type": 5,
        "amount": "31733.03",
        "fund": 13
    }
},
{
    "model": "fund.fund_item",
    "pk": 45,
    "fields": {
        "type": 1,
        "amount": "37005.00",
        "fund": 14
    }
},
{
    "model": "fund.fund_item",
    "pk": 46,
    "fields": {
        "type": 8,
        "amount": "4545.00",
        "fund": 14
    }
},
{
    "model": "fund.fund_item",
    "pk": 47,
    "fields": {
        "type": 4,
        "amount": "8450.00",
        "fund": 14
    }
},
{
    "model": "fund.fund_item",
    "pk": 48,
    "fields": {
        "type": 3,
        "amount": "60320.00",
        "fund": 15
    }
},
{
    "model": "fund.fund_item",
    "pk": 49,
    "fields": {
        "type": 1,
        "amount": "43338.00",
        "fund": 15
    }
},
{
    "model": "fund.fund_item",
    "pk": 50,
    "fields": {
        "type": 6,
        "amount": "364812.00",
        "fund": 15
    }
},
{
    "model": "fund.fund_item",
    "pk": 51,
    "fields": {
        "type": 1,
        "amount": "10967.88",
        "fund": 16
    }
},
{
    "model": "fund.fund_item",
    "pk": 52,
    "fields": {
        "type": 2,
        "amount": "1032.12",
        "fund": 16
    }
},
{
    "model": "fund.fund_item",
    "pk": 53,
    "fields": {
        "type": 11,
        "amount": "38000.00",
        "fund": 16
    }
},
{
    "model": "fund.fund_item",
    "pk": 54,
    "fields": {
        "type": 5,
        "amount": "77162.98",
        "fund": 17
    }
},
{
    "model": "fund.fund_item",
    "pk": 55,
    "fields": {
        "type": 8,
        "amount": "2837.02",
        "fund": 17
    }
},
{
    "model": "fund.fund_item",
    "pk": 56,
    "fields": {
        "type": 1,
        "amount": "60000.00",
        "fund": 18
    }
},
{
    "model": "fund.fund_item",
    "pk": 57,
    "fields": {
        "type": 8,
        "amount": "4000.00",
        "fund": 18
    }
},
{
    "model": "fund.fund_item",
    "pk": 58,
    "fields": {
        "type": 5,
        "amount": "6000.00",
        "fund": 18
    }
},
{
    "model": "fund.fund_item",
    "pk": 59,
    "fields": {
        "type": 6,
        "amount": "136000.00",
        "fund": 19
    }
},
{
    "model": "fund.fund_item",
    "pk": 60,
    "fields": {
        "type": 8,
        "amount": "6800.00",
        "fund": 19
    }
},
{
    "model": "fund.fund_item",
    "pk": 61,
    "fields": {
        "type": 1,
        "amount": "69000.00",
        "fund": 20
    }
},
{
    "model": "fund.fund_item",
    "pk": 62,
    "fields": {
        "type": 1,
        "amount": "186718.78",
        "fund": 21
    }
},
{
    "model": "fund.fund_item",
    "pk": 63,
    "fields": {
        "type": 8,
        "amount": "53499.00",
        "fund": 21
    }
},
{
    "model": "fund.fund_item",
    "pk": 64,
    "fields": {
        "type": 2,
        "amount": "1686.47",
        "fund": 21
    }
},
{
    "model": "fund.fund_item",
    "pk": 65,
    "fields": {
        "type": 6,
        "amount": "38676.53",
        "fund": 21
    }
},
{
    "model": "fund.fund_item",
    "pk": 66,
    "fields": {
        "type": 1,
        "amount": "20784.03",
        "fund": 22
    }
},
{
    "model": "fund.fund_item",
    "pk": 67,
    "fields": {
        "type": 6,
        "amount": "9215.97",
        "fund": 22
    }
},
{
    "model": "fund.fund_item",
    "pk": 68,
    "fields": {
        "type": 1,
        "amount": "8526.12",
        "fund": 23
    }
},
{
    "model": "fund.fund_item",
    "pk": 69,
    "fields": {
        "type": 8,
        "amount": "2096.88",
        "fund": 23
    }
},
{
    "model": "fund.fund_item",
    "pk": 70,
    "fields": {
        "type": 1,
        "amount": "25000.00",
        "fund": 24
    }
},
{
    "model": "fund.fund_item",
    "pk": 71,
    "fields": {
        "type": 6,
        "amount": "32000.00",
        "fund": 25
    }
},
{
    "model": "fund.fund_item",
    "pk": 72,
    "fields": {
        "type": 1,
        "amount": "3000.00",
        "fund": 26
    }
},
{
    "model": "fund.fund_item",
    "pk": 73,
    "fields": {
        "type": 1,
        "amount": "352616.00",
        "fund": 27
    }
},
{
    "model": "fund.fund_item",
    "pk": 74,
    "fields": {
        "type": 1,
        "amount": "26409.00",
        "fund": 28
    }
},
{
    "model": "fund.fund_item",
    "pk": 75,
    "fields": {
        "type": 1,
        "amount": "121488.68",
        "fund": 29
    }
},
{
    "model": "fund.fund_item",
    "pk": 76,
    "fields": {
        "type": 1,
        "amount": "2343576.79",
        "fund": 30
    }
},
{
    "model": "fund.fund_item",
    "pk": 77,
    "fields": {
        "type": 1,
        "amount": "20000.00",
        "fund": 31
    }
},
{
    "model": "fund.fund_item",
    "pk": 78,
    "fields": {
        "type": 1,
        "amount": "0.00",
        "fund": 32
    }
},
{
    "model": "fund.fund_item",
    "pk": 79,
    "fields": {
        "type": 1,
        "amount": "15000.00",
        "fund": 33
    }
},
{
    "model": "fund.fund_item",
    "pk": 80,
    "fields": {
        "type": 1,
        "amount": "23520.00",
        "fund": 34
    }
},
{
    "model": "fund.fund_item",
    "pk": 81,
    "fields": {
        "type": 1,
        "amount": "7000.00",
        "fund": 35
    }
},
{
    "model": "fund.fund_item",
    "pk": 82,
    "fields": {
        "type": 1,
        "amount": "0.00",
        "fund": 36
    }
},
{
    "model": "fund.fund_item",
    "pk": 83,
    "fields": {
        "type": 1,
        "amount": "55076.85",
        "fund": 37
    }
},
{
    "model": "fund.fund_item",
    "pk": 84,
    "fields": {
        "type": 1,
        "amount": "150.00",
        "fund": 38
    }
},
{
    "model": "fund.fund_item",
    "pk": 85,
    "fields": {
        "type": 1,
        "amount": "0.00",
        "fund": 39
    }
},
{
    "model": "fund.fund_item",
    "pk": 86,
    "fields": {
        "type": 1,
        "amount": "202300.00",
        "fund": 40
    }
},
{
    "model": "fund.fund_item",
    "pk": 87,
    "fields": {
        "type": 1,
        "amount": "205124.58",
        "fund": 41
    }
},
{
    "model": "fund.fund_item",
    "pk": 88,
    "fields": {
        "type": 1,
        "amount": "73000.00",
        "fund": 42
    }
},
{
    "model": "fund.fund_item",
    "pk": 89,
    "fields": {
        "type": 1,
        "amount": "118416.00",
        "fund": 43
    }
},
{
    "model": "fund.fund_item",
    "pk": 90,
    "fields": {
        "type": 1,
        "amount": "197821.28",
        "fund": 44
    }
},
{
    "model": "fund.fund_item",
    "pk": 91,
    "fields": {
        "type": 1,
        "amount": "50000.00",
        "fund": 45
    }
},
{
    "model": "fund.fund_item",
    "pk": 92,
    "fields": {
        "type": 1,
        "amount": "99350.74",
        "fund": 46
    }
},
{
    "model": "fund.fund_item",
    "pk": 93,
    "fields": {
        "type": 1,
        "amount": "127988.65",
        "fund": 47
    }
},
{
    "model": "fund.fund_item",
    "pk": 94,
    "fields": {
        "type": 1,
        "amount": "341714.48",
        "fund": 48
    }
},
{
    "model": "fund.fund_item",
    "pk": 95,
    "fields": {
        "type": 1,
        "amount": "48420.54",
        "fund": 49
    }
},
{
    "model": "fund.fund_item",
    "pk": 96,
    "fields": {
        "type": 1,
        "amount": "15744.00",
        "fund": 50
    }
},
{
    "model": "fund.fund_item",
    "pk": 97,
    "fields": {
        "type": 1,
        "amount": "350398.10",
        "fund": 51
    }
},
{
    "model": "fund.fund_item",
    "pk": 98,
    "fields": {
        "type": 1,
        "amount": "1118691.65",
        "fund": 52
    }
},
{
    "model": "fund.fund_item",
    "pk": 99,
    "fields": {
        "type": 1,
        "amount": "172580.43",
        "fund": 53
    }
},
{
    "model": "fund.fund_item",
    "pk": 100,
    "fields": {
        "type": 1,
        "amount": "461964.80",
        "fund": 54
    }
},
{
    "model": "fund.fund_item",
    "pk": 101,
    "fields": {
        "type": 1,
        "amount": "4400.00",
        "fund": 55
    }
},
{
    "model": "fund.fund_item",
    "pk": 102,
    "fields": {
        "type": 1,
        "amount": "1048088.00",
        "fund": 56
    }
},
{
    "model": "fund.fund_item",
    "pk": 103,
    "fields": {
        "type": 1,
        "amount": "10000.00",
        "fund": 57
    }
},
{
    "model": "fund.fund",
    "pk": 1,
    "fields": {
        "project": 1,
        "funder": 1,
        "institution": 1,
        "start_date": "2018-01-03",
        "end_date": "2022-12-31",
        "ref": "RVF20005EEA",
        "is_active": true
    }
},
{
    "model": "fund.fund",
    "pk": 2,
    "fields": {
        "project": 2,
        "funder": 3,
        "institution": 1,
        "start_date": "2018-01-03",
        "end_date": "2022-12-31",
        "ref": "R18011EE",
        "is_active": true
    }
},
{
    "model": "fund.fund",
    "pk": 3,
    "fields": {
        "project": 3,
        "funder": 4,
        "institution": 1,
        "start_date": "2021-03-04",
        "end_date": "2022-09-03",
        "ref": "R21054EE",
        "is_active": true
    }
},
{
    "model": "fund.fund",
    "pk": 4,
    "fields": {
        "project": 4,
        "funder": 5,
        "institution": 1,
        "start_date": "2017-09-18",
        "end_date": "2022-12-31",
        "ref": "R17076EE",
        "is_active": true
    }
},
{
    "model": "fund.fund",
    "pk": 5,
    "fields": {
        "project": 5,
        "funder": 6,
        "institution": 1,
        "start_date": "2017-10-01",
        "end_date": "2021-03-31",
        "ref": "R17087EE",
        "is_active": true
    }
},
{
    "model": "fund.fund",
    "pk": 6,
    "fields": {
        "project": 6,
        "funder": 6,
        "institution": 2,
        "start_date": "2021-11-01",
        "end_date": "2024-10-31",
        "ref": "R21114EE",
        "is_active": true
    }
},
{
    "model": "fund.fund",
    "pk": 7,
    "fields": {
        "project": 7,
        "funder": 6,
        "institution": 1,
        "start_date": "2018-10-01",
        "end_date": "2023-05-31",
        "ref": "R18087EE",
        "is_active": true
    }
},
{
    "model": "fund.fund",
    "pk": 8,
    "fields": {
        "project": 8,
        "funder": 6,
        "institution": 1,
        "start_date": "2021-10-01",
        "end_date": "2025-09-30",
        "ref": "R21104EE",
        "is_active": true
    }
},
{
    "model": "fund.fund",
    "pk": 9,
    "fields": {
        "project": 9,
        "funder": 3,
        "institution": 1,
        "start_date": "2016-12-29",
        "end_date": "2022-12-31",
        "ref": "R17020EE",
        "is_active": true
    }
},
{
    "model": "fund.fund",
    "pk": 10,
    "fields": {
        "project": 10,
        "funder": 3,
        "institution": 1,
        "start_date": "2014-02-01",
        "end_date": "2021-12-31",
        "ref": "R14022EE",
        "is_active": true
    }
},
{
    "model": "fund.fund",
    "pk": 11,
    "fields": {
        "project": 11,
        "funder": 7,
        "institution": 1,
        "start_date": "2020-11-17",
        "end_date": "2023-05-16",
        "ref": "R20079EE",
        "is_active": true
    }
},
{
    "model": "fund.fund",
    "pk": 12,
    "fields": {
        "project": 12,
        "funder": 2,
        "institution": 1,
        "start_date": "2021-03-15",
        "end_date": "2023-09-14",
        "ref": "R21058EE",
        "is_active": true
    }
},
{
    "model": "fund.fund",
    "pk": 13,
    "fields": {
        "project": 13,
        "funder": 8,
        "institution": 1,
        "start_date": "2021-05-19",
        "end_date": "2022-10-30",
        "ref": "R21085EE",
        "is_active": true
    }
},
{
    "model": "fund.fund",
    "pk": 14,
    "fields": {
        "project": 17,
        "funder": 23,
        "institution": 1,
        "start_date": "2021-06-01",
        "end_date": "2023-05-31",
        "ref": "R21098EE",
        "is_active": true
    }
},
{
    "model": "fund.fund",
    "pk": 15,
    "fields": {
        "project": 18,
        "funder": 21,
        "institution": 1,
        "start_date": "2019-04-01",
        "end_date": "2023-05-30",
        "ref": "R19061EE",
        "is_active": true
    }
},
{
    "model": "fund.fund",
    "pk": 16,
    "fields": {
        "project": 19,
        "funder": 10,
        "institution": 1,
        "start_date": "2015-12-09",
        "end_date": "2021-09-01",
        "ref": "R15112EE",
        "is_active": true
    }
},
{
    "model": "fund.fund",
    "pk": 17,
    "fields": {
        "project": 20,
        "funder": 12,
        "institution": 1,
        "start_date": "2018-10-01",
        "end_date": "2021-09-01",
        "ref": "R18093EE",
        "is_active": true
    }
},
{
    "model": "fund.fund",
    "pk": 18,
    "fields": {
        "project": 21,
        "funder": 13,
        "institution": 1,
        "start_date": "2021-09-01",
        "end_date": "2023-08-31",
        "ref": "R21148EE",
        "is_active": true
    }
},
{
    "model": "fund.fund",
    "pk": 19,
    "fields": {
        "project": 22,
        "funder": 14,
        "institution": 1,
        "start_date": "2018-10-01",
        "end_date": "2022-09-30",
        "ref": "R18066EE",
        "is_active": true
    }
},
{
    "model": "fund.fund",
    "pk": 20,
    "fields": {
        "project": 25,
        "funder": 15,
        "institution": 1,
        "start_date": "2021-10-15",
        "end_date": "2023-06-30",
        "ref": "R21136EE",
        "is_active": true
    }
},
{
    "model": "fund.fund",
    "pk": 21,
    "fields": {
        "project": 26,
        "funder": 6,
        "institution": 1,
        "start_date": "2016-09-01",
        "end_date": "2022-12-31",
        "ref": "G17002EE",
        "is_active": true
    }
},
{
    "model": "fund.fund",
    "pk": 22,
    "fields": {
        "project": 27,
        "funder": 16,
        "institution": 1,
        "start_date": "2017-06-07",
        "end_date": "2023-02-07",
        "ref": "R17065EE",
        "is_active": true
    }
},
{
    "model": "fund.fund",
    "pk": 23,
    "fields": {
        "project": 28,
        "funder": 17,
        "institution": 1,
        "start_date": "2020-09-01",
        "end_date": "2022-10-31",
        "ref": "R21045EE",
        "is_active": true
    }
},
{
    "model": "fund.fund",
    "pk": 24,
    "fields": {
        "project": 29,
        "funder": 18,
        "institution": 1,
        "start_date": "2021-02-09",
        "end_date": "2023-12-31",
        "ref": "R21027EE",
        "is_active": true
    }
},
{
    "model": "fund.fund",
    "pk": 25,
    "fields": {
        "project": 30,
        "funder": 19,
        "institution": 1,
        "start_date": "2020-11-01",
        "end_date": "2021-11-30",
        "ref": "R20073EE",
        "is_active": true
    }
},
{
    "model": "fund.fund",
    "pk": 26,
    "fields": {
        "project": 32,
        "funder": 14,
        "institution": 1,
        "start_date": "2022-06-13",
        "end_date": "2023-06-12",
        "ref": "R22060EE",
        "is_active": true
    }
},
{
    "model": "fund.fund",
    "pk": 27,
    "fields": {
        "project": 33,
        "funder": 20,
        "institution": 3,
        "start_date": "2016-01-01",
        "end_date": "2023-12-31",
        "ref": "PATF14F1202C0012",
        "is_active": true
    }
},
{
    "model": "fund.fund",
    "pk": 28,
    "fields": {
        "project": 34,
        "funder": 20,
        "institution": 3,
        "start_date": "2016-01-01",
        "end_date": "2020-12-31",
        "ref": "PATF19F1715C0861",
        "is_active": true
    }
},
{
    "model": "fund.fund",
    "pk": 29,
    "fields": {
        "project": 34,
        "funder": 20,
        "institution": 3,
        "start_date": "2016-01-01",
        "end_date": "2020-12-31",
        "ref": "PATF19F1915C0552",
        "is_active": true
    }
},
{
    "model": "fund.fund",
    "pk": 30,
    "fields": {
        "project": 35,
        "funder": 25,
        "institution": 3,
        "start_date": "2016-01-01",
        "end_date": "2025-12-31",
        "ref": "PATF99F9999COMAT",
        "is_active": true
    }
},
{
    "model": "fund.fund",
    "pk": 31,
    "fields": {
        "project": 36,
        "funder": 25,
        "institution": 3,
        "start_date": "2016-01-01",
        "end_date": "2025-12-31",
        "ref": "PATF30F1815C0530",
        "is_active": true
    }
},
{
    "model": "fund.fund",
    "pk": 32,
    "fields": {
        "project": 33,
        "funder": 25,
        "institution": 3,
        "start_date": "2016-01-01",
        "end_date": "2023-12-31",
        "ref": "PATF30F1815C0530",
        "is_active": true
    }
},
{
    "model": "fund.fund",
    "pk": 33,
    "fields": {
        "project": 26,
        "funder": 26,
        "institution": 3,
        "start_date": "2016-09-01",
        "end_date": "2022-12-31",
        "ref": "DRI_2021/0561_1",
        "is_active": true
    }
},
{
    "model": "fund.fund",
    "pk": 34,
    "fields": {
        "project": 39,
        "funder": 25,
        "institution": 3,
        "start_date": "2019-10-01",
        "end_date": "2022-10-01",
        "ref": "PATF29F2004C1116",
        "is_active": true
    }
},
{
    "model": "fund.fund",
    "pk": 35,
    "fields": {
        "project": 40,
        "funder": 27,
        "institution": 3,
        "start_date": "2018-01-01",
        "end_date": "2020-12-31",
        "ref": "CAIR03F1702C0966",
        "is_active": true
    }
},
{
    "model": "fund.fund",
    "pk": 36,
    "fields": {
        "project": 41,
        "funder": 25,
        "institution": 3,
        "start_date": "2018-01-01",
        "end_date": "2020-12-31",
        "ref": "MARC01F1812C0910",
        "is_active": true
    }
},
{
    "model": "fund.fund",
    "pk": 37,
    "fields": {
        "project": 42,
        "funder": 14,
        "institution": 3,
        "start_date": "2020-01-01",
        "end_date": "2022-12-31",
        "ref": "CAIR05F2004C0369",
        "is_active": true
    }
},
{
    "model": "fund.fund",
    "pk": 38,
    "fields": {
        "project": 43,
        "funder": 25,
        "institution": 3,
        "start_date": "2017-01-01",
        "end_date": "2021-12-31",
        "ref": "CAIR02F1701C0123",
        "is_active": true
    }
},
{
    "model": "fund.fund",
    "pk": 39,
    "fields": {
        "project": 44,
        "funder": 25,
        "institution": 3,
        "start_date": "2022-05-05",
        "end_date": "2023-07-30",
        "ref": "DRI_2019/0945_1",
        "is_active": true
    }
},
{
    "model": "fund.fund",
    "pk": 40,
    "fields": {
        "project": 45,
        "funder": 20,
        "institution": 3,
        "start_date": "2020-01-01",
        "end_date": "2020-12-31",
        "ref": "PATF09F1108C0926",
        "is_active": true
    }
},
{
    "model": "fund.fund",
    "pk": 41,
    "fields": {
        "project": 46,
        "funder": 20,
        "institution": 3,
        "start_date": "2011-08-08",
        "end_date": "2021-08-08",
        "ref": "PATF08F1008C0919",
        "is_active": true
    }
},
{
    "model": "fund.fund",
    "pk": 42,
    "fields": {
        "project": 47,
        "funder": 20,
        "institution": 3,
        "start_date": "2012-05-01",
        "end_date": "2021-01-01",
        "ref": "CAIR01F1108C0924",
        "is_active": true
    }
},
{
    "model": "fund.fund",
    "pk": 43,
    "fields": {
        "project": 48,
        "funder": 20,
        "institution": 3,
        "start_date": "2020-01-01",
        "end_date": "2022-12-31",
        "ref": "BAUG01F1608C1092",
        "is_active": true
    }
},
{
    "model": "fund.fund",
    "pk": 44,
    "fields": {
        "project": 49,
        "funder": 20,
        "institution": 3,
        "start_date": "2021-04-15",
        "end_date": "2025-05-01",
        "ref": "PATF25F1808C1096",
        "is_active": true
    }
},
{
    "model": "fund.fund",
    "pk": 45,
    "fields": {
        "project": 50,
        "funder": 20,
        "institution": 3,
        "start_date": "2021-05-20",
        "end_date": "2023-01-23",
        "ref": "CAIR04F1908C1033",
        "is_active": true
    }
},
{
    "model": "fund.fund",
    "pk": 46,
    "fields": {
        "project": 51,
        "funder": 20,
        "institution": 3,
        "start_date": "2020-01-01",
        "end_date": "2022-12-31",
        "ref": "PATF06F1505C0770",
        "is_active": true
    }
},
{
    "model": "fund.fund",
    "pk": 47,
    "fields": {
        "project": 52,
        "funder": 20,
        "institution": 3,
        "start_date": "2021-03-25",
        "end_date": "2024-03-31",
        "ref": "PATF21F1708C1063",
        "is_active": true
    }
},
{
    "model": "fund.fund",
    "pk": 48,
    "fields": {
        "project": 54,
        "funder": 21,
        "institution": 3,
        "start_date": "2019-12-31",
        "end_date": "2020-12-31",
        "ref": "PATF23F1803C1036",
        "is_active": true
    }
},
{
    "model": "fund.fund",
    "pk": 49,
    "fields": {
        "project": 55,
        "funder": 25,
        "institution": 3,
        "start_date": "2016-02-24",
        "end_date": "2020-02-13",
        "ref": "VERC02F1705C1003",
        "is_active": true
    }
},
{
    "model": "fund.fund",
    "pk": 50,
    "fields": {
        "project": 56,
        "funder": 25,
        "institution": 3,
        "start_date": "2022-04-01",
        "end_date": "2024-09-01",
        "ref": "PATF26F1401C0273",
        "is_active": true
    }
},
{
    "model": "fund.fund",
    "pk": 51,
    "fields": {
        "project": 57,
        "funder": 22,
        "institution": 3,
        "start_date": "2016-04-01",
        "end_date": "2021-09-30",
        "ref": "PATF15F1506C0774",
        "is_active": true
    }
},
{
    "model": "fund.fund",
    "pk": 52,
    "fields": {
        "project": 26,
        "funder": 6,
        "institution": 3,
        "start_date": "2016-09-01",
        "end_date": "2022-12-31",
        "ref": "PATF01F1714C0130",
        "is_active": true
    }
},
{
    "model": "fund.fund",
    "pk": 53,
    "fields": {
        "project": 58,
        "funder": 22,
        "institution": 3,
        "start_date": "2020-06-01",
        "end_date": "2025-05-31",
        "ref": "PATF28F2006C0792",
        "is_active": true
    }
},
{
    "model": "fund.fund",
    "pk": 54,
    "fields": {
        "project": 59,
        "funder": 20,
        "institution": 3,
        "start_date": "2016-07-07",
        "end_date": "2021-12-31",
        "ref": "PATF04F1601C0021",
        "is_active": true
    }
},
{
    "model": "fund.fund",
    "pk": 55,
    "fields": {
        "project": 60,
        "funder": 25,
        "institution": 3,
        "start_date": "2020-01-01",
        "end_date": "2020-12-31",
        "ref": "PATF03F1301C0525",
        "is_active": true
    }
},
{
    "model": "fund.fund",
    "pk": 56,
    "fields": {
        "project": 61,
        "funder": 25,
        "institution": 3,
        "start_date": "2015-11-01",
        "end_date": "2022-06-01",
        "ref": "PATF16F1208C0787",
        "is_active": true
    }
},
{
    "model": "fund.fund",
    "pk": 57,
    "fields": {
        "project": 62,
        "funder": 18,
        "institution": 1,
        "start_date": "2022-07-01",
        "end_date": "2024-06-30",
        "ref": "R22093EE",
        "is_active": true
    }
},
{
    "model": "expense.expense_point",
    "pk": 1,
    "fields": {
        "entry_date": "2022-11-02",
        "value_date": "2022-11-02",
        "fund": 1,
        "type": 3,
        "amount": "-12071.38"
    }
},
{
    "model": "expense.expense_point",
    "pk": 2,
    "fields": {
        "entry_date": "2022-11-02",
        "value_date": "2022-11-02",
        "fund": 1,
        "type": 4,
        "amount": "-37219.75"
    }
},
{
    "model": "expense.expense_point",
    "pk": 3,
    "fields": {
        "entry_date": "2022-11-02",
        "value_date": "2022-11-02",
        "fund": 1,
        "type": 8,
        "amount": "-7367.00"
    }
},
{
    "model": "expense.expense_point",
    "pk": 4,
    "fields": {
        "entry_date": "2022-11-02",
        "value_date": "2022-11-02",
        "fund": 1,
        "type": 9,
        "amount": "-10889.72"
    }
},
{
    "model": "expense.expense_point",
    "pk": 6,
    "fields": {
        "entry_date": "2022-11-02",
        "value_date": "2022-11-02",
        "fund": 1,
        "type": 1,
        "amount": "-3976.90"
    }
},
{
    "model": "expense.expense_point",
    "pk": 7,
    "fields": {
        "entry_date": "2022-11-02",
        "value_date": "2022-11-02",
        "fund": 2,
        "type": 8,
        "amount": "-2250.00"
    }
},
{
    "model": "expense.expense_point",
    "pk": 8,
    "fields": {
        "entry_date": "2022-11-02",
        "value_date": "2022-11-02",
        "fund": 2,
        "type": 1,
        "amount": "-14382.82"
    }
},
{
    "model": "expense.expense_point",
    "pk": 9,
    "fields": {
        "entry_date": "2022-11-02",
        "value_date": "2022-11-02",
        "fund": 2,
        "type": 6,
        "amount": "-3352.23"
    }
},
{
    "model": "expense.expense_point",
    "pk": 10,
    "fields": {
        "entry_date": "2022-11-02",
        "value_date": "2022-11-02",
        "fund": 3,
        "type": 8,
        "amount": "-15791.30"
    }
},
{
    "model": "expense.expense_point",
    "pk": 11,
    "fields": {
        "entry_date": "2022-11-02",
        "value_date": "2022-11-02",
        "fund": 3,
        "type": 1,
        "amount": "-14677.80"
    }
},
{
    "model": "expense.expense_point",
    "pk": 12,
    "fields": {
        "entry_date": "2022-11-02",
        "value_date": "2022-11-02",
        "fund": 4,
        "type": 1,
        "amount": "-26418.26"
    }
},
{
    "model": "expense.expense_point",
    "pk": 13,
    "fields": {
        "entry_date": "2022-11-02",
        "value_date": "2022-11-02",
        "fund": 4,
        "type": 8,
        "amount": "-1650.00"
    }
},
{
    "model": "expense.expense_point",
    "pk": 14,
    "fields": {
        "entry_date": "2022-11-02",
        "value_date": "2022-11-02",
        "fund": 4,
        "type": 6,
        "amount": "-4930.74"
    }
},
{
    "model": "expense.expense_point",
    "pk": 15,
    "fields": {
        "entry_date": "2022-11-02",
        "value_date": "2022-11-02",
        "fund": 5,
        "type": 8,
        "amount": "-6321.21"
    }
},
{
    "model": "expense.expense_point",
    "pk": 16,
    "fields": {
        "entry_date": "2022-11-02",
        "value_date": "2022-11-02",
        "fund": 5,
        "type": 1,
        "amount": "-48553.75"
    }
},
{
    "model": "expense.expense_point",
    "pk": 17,
    "fields": {
        "entry_date": "2022-11-02",
        "value_date": "2022-11-02",
        "fund": 5,
        "type": 6,
        "amount": "-27086.19"
    }
},
{
    "model": "expense.expense_point",
    "pk": 18,
    "fields": {
        "entry_date": "2022-11-02",
        "value_date": "2022-11-02",
        "fund": 6,
        "type": 8,
        "amount": "-6321.21"
    }
},
{
    "model": "expense.expense_point",
    "pk": 19,
    "fields": {
        "entry_date": "2022-11-02",
        "value_date": "2022-11-02",
        "fund": 7,
        "type": 1,
        "amount": "-35205.87"
    }
},
{
    "model": "expense.expense_point",
    "pk": 20,
    "fields": {
        "entry_date": "2022-11-02",
        "value_date": "2022-11-02",
        "fund": 7,
        "type": 8,
        "amount": "-21128.89"
    }
},
{
    "model": "expense.expense_point",
    "pk": 21,
    "fields": {
        "entry_date": "2022-11-02",
        "value_date": "2022-11-02",
        "fund": 7,
        "type": 2,
        "amount": "-1456.87"
    }
},
{
    "model": "expense.expense_point",
    "pk": 22,
    "fields": {
        "entry_date": "2022-11-02",
        "value_date": "2022-11-02",
        "fund": 7,
        "type": 4,
        "amount": "-441.00"
    }
},
{
    "model": "expense.expense_point",
    "pk": 23,
    "fields": {
        "entry_date": "2022-11-02",
        "value_date": "2022-11-02",
        "fund": 7,
        "type": 6,
        "amount": "-89860.74"
    }
},
{
    "model": "expense.expense_point",
    "pk": 24,
    "fields": {
        "entry_date": "2022-11-02",
        "value_date": "2022-11-02",
        "fund": 8,
        "type": 8,
        "amount": "-10000.00"
    }
},
{
    "model": "expense.expense_point",
    "pk": 25,
    "fields": {
        "entry_date": "2022-11-02",
        "value_date": "2022-11-02",
        "fund": 9,
        "type": 1,
        "amount": "-8194.74"
    }
},
{
    "model": "expense.expense_point",
    "pk": 26,
    "fields": {
        "entry_date": "2022-11-02",
        "value_date": "2022-11-02",
        "fund": 9,
        "type": 6,
        "amount": "-6254.27"
    }
},
{
    "model": "expense.expense_point",
    "pk": 27,
    "fields": {
        "entry_date": "2022-11-02",
        "value_date": "2022-11-02",
        "fund": 10,
        "type": 1,
        "amount": "-47768.30"
    }
},
{
    "model": "expense.expense_point",
    "pk": 28,
    "fields": {
        "entry_date": "2022-11-02",
        "value_date": "2022-11-02",
        "fund": 10,
        "type": 6,
        "amount": "-7070.72"
    }
},
{
    "model": "expense.expense_point",
    "pk": 29,
    "fields": {
        "entry_date": "2022-11-02",
        "value_date": "2022-11-02",
        "fund": 11,
        "type": 8,
        "amount": "-20000.00"
    }
},
{
    "model": "expense.expense_point",
    "pk": 30,
    "fields": {
        "entry_date": "2022-11-02",
        "value_date": "2022-11-02",
        "fund": 11,
        "type": 1,
        "amount": "-26116.92"
    }
},
{
    "model": "expense.expense_point",
    "pk": 31,
    "fields": {
        "entry_date": "2022-11-02",
        "value_date": "2022-11-02",
        "fund": 11,
        "type": 6,
        "amount": "-26663.59"
    }
},
{
    "model": "expense.expense_point",
    "pk": 32,
    "fields": {
        "entry_date": "2022-11-02",
        "value_date": "2022-11-02",
        "fund": 12,
        "type": 8,
        "amount": "-23525.56"
    }
},
{
    "model": "expense.expense_point",
    "pk": 33,
    "fields": {
        "entry_date": "2022-11-02",
        "value_date": "2022-11-02",
        "fund": 12,
        "type": 3,
        "amount": "-4621.75"
    }
},
{
    "model": "expense.expense_point",
    "pk": 34,
    "fields": {
        "entry_date": "2022-11-02",
        "value_date": "2022-11-02",
        "fund": 12,
        "type": 1,
        "amount": "-33450.43"
    }
},
{
    "model": "expense.expense_point",
    "pk": 35,
    "fields": {
        "entry_date": "2022-11-02",
        "value_date": "2022-11-02",
        "fund": 12,
        "type": 5,
        "amount": "-3850.20"
    }
},
{
    "model": "expense.expense_point",
    "pk": 36,
    "fields": {
        "entry_date": "2022-11-02",
        "value_date": "2022-11-02",
        "fund": 13,
        "type": 8,
        "amount": "-23097.82"
    }
},
{
    "model": "expense.expense_point",
    "pk": 37,
    "fields": {
        "entry_date": "2022-11-02",
        "value_date": "2022-11-02",
        "fund": 13,
        "type": 3,
        "amount": "-6469.90"
    }
},
{
    "model": "expense.expense_point",
    "pk": 38,
    "fields": {
        "entry_date": "2022-11-02",
        "value_date": "2022-11-02",
        "fund": 13,
        "type": 1,
        "amount": "-17105.72"
    }
},
{
    "model": "expense.expense_point",
    "pk": 39,
    "fields": {
        "entry_date": "2022-11-02",
        "value_date": "2022-11-02",
        "fund": 13,
        "type": 5,
        "amount": "-26751.79"
    }
},
{
    "model": "expense.expense_point",
    "pk": 40,
    "fields": {
        "entry_date": "2022-11-02",
        "value_date": "2022-11-02",
        "fund": 14,
        "type": 8,
        "amount": "-4545.00"
    }
},
{
    "model": "expense.expense_point",
    "pk": 41,
    "fields": {
        "entry_date": "2022-11-02",
        "value_date": "2022-11-02",
        "fund": 14,
        "type": 1,
        "amount": "-6377.08"
    }
},
{
    "model": "expense.expense_point",
    "pk": 42,
    "fields": {
        "entry_date": "2022-11-02",
        "value_date": "2022-11-02",
        "fund": 15,
        "type": 3,
        "amount": "-36505.94"
    }
},
{
    "model": "expense.expense_point",
    "pk": 43,
    "fields": {
        "entry_date": "2022-11-02",
        "value_date": "2022-11-02",
        "fund": 15,
        "type": 1,
        "amount": "-38181.48"
    }
},
{
    "model": "expense.expense_point",
    "pk": 44,
    "fields": {
        "entry_date": "2022-11-02",
        "value_date": "2022-11-02",
        "fund": 15,
        "type": 6,
        "amount": "-280385.88"
    }
},
{
    "model": "expense.expense_point",
    "pk": 45,
    "fields": {
        "entry_date": "2022-11-02",
        "value_date": "2022-11-02",
        "fund": 16,
        "type": 1,
        "amount": "-7605.69"
    }
},
{
    "model": "expense.expense_point",
    "pk": 46,
    "fields": {
        "entry_date": "2022-11-02",
        "value_date": "2022-11-02",
        "fund": 16,
        "type": 2,
        "amount": "-1032.12"
    }
},
{
    "model": "expense.expense_point",
    "pk": 47,
    "fields": {
        "entry_date": "2022-11-02",
        "value_date": "2022-11-02",
        "fund": 16,
        "type": 11,
        "amount": "-34200.00"
    }
},
{
    "model": "expense.expense_point",
    "pk": 48,
    "fields": {
        "entry_date": "2022-11-02",
        "value_date": "2022-11-02",
        "fund": 17,
        "type": 8,
        "amount": "-2837.02"
    }
},
{
    "model": "expense.expense_point",
    "pk": 49,
    "fields": {
        "entry_date": "2022-11-02",
        "value_date": "2022-11-02",
        "fund": 17,
        "type": 5,
        "amount": "-77002.01"
    }
},
{
    "model": "expense.expense_point",
    "pk": 50,
    "fields": {
        "entry_date": "2022-11-02",
        "value_date": "2022-11-02",
        "fund": 18,
        "type": 8,
        "amount": "-4000.00"
    }
},
{
    "model": "expense.expense_point",
    "pk": 51,
    "fields": {
        "entry_date": "2022-11-02",
        "value_date": "2022-11-02",
        "fund": 18,
        "type": 1,
        "amount": "-1259.50"
    }
},
{
    "model": "expense.expense_point",
    "pk": 52,
    "fields": {
        "entry_date": "2022-11-02",
        "value_date": "2022-11-02",
        "fund": 19,
        "type": 8,
        "amount": "-6800.00"
    }
},
{
    "model": "expense.expense_point",
    "pk": 53,
    "fields": {
        "entry_date": "2022-11-02",
        "value_date": "2022-11-02",
        "fund": 19,
        "type": 6,
        "amount": "-130040.15"
    }
},
{
    "model": "expense.expense_point",
    "pk": 54,
    "fields": {
        "entry_date": "2022-11-02",
        "value_date": "2022-11-02",
        "fund": 20,
        "type": 1,
        "amount": "-7502.63"
    }
},
{
    "model": "expense.expense_point",
    "pk": 55,
    "fields": {
        "entry_date": "2022-11-02",
        "value_date": "2022-11-02",
        "fund": 21,
        "type": 8,
        "amount": "-53499.00"
    }
},
{
    "model": "expense.expense_point",
    "pk": 56,
    "fields": {
        "entry_date": "2022-11-02",
        "value_date": "2022-11-02",
        "fund": 21,
        "type": 1,
        "amount": "-23621.83"
    }
},
{
    "model": "expense.expense_point",
    "pk": 57,
    "fields": {
        "entry_date": "2022-11-02",
        "value_date": "2022-11-02",
        "fund": 21,
        "type": 2,
        "amount": "-1686.47"
    }
},
{
    "model": "expense.expense_point",
    "pk": 58,
    "fields": {
        "entry_date": "2022-11-02",
        "value_date": "2022-11-02",
        "fund": 21,
        "type": 6,
        "amount": "-36470.36"
    }
},
{
    "model": "expense.expense_point",
    "pk": 59,
    "fields": {
        "entry_date": "2022-11-02",
        "value_date": "2022-11-02",
        "fund": 22,
        "type": 1,
        "amount": "-9944.22"
    }
},
{
    "model": "expense.expense_point",
    "pk": 60,
    "fields": {
        "entry_date": "2022-11-02",
        "value_date": "2022-11-02",
        "fund": 22,
        "type": 6,
        "amount": "-9215.97"
    }
},
{
    "model": "expense.expense_point",
    "pk": 61,
    "fields": {
        "entry_date": "2022-11-02",
        "value_date": "2022-11-02",
        "fund": 23,
        "type": 1,
        "amount": "-5457.48"
    }
},
{
    "model": "expense.expense_point",
    "pk": 62,
    "fields": {
        "entry_date": "2022-11-02",
        "value_date": "2022-11-02",
        "fund": 23,
        "type": 8,
        "amount": "-2096.88"
    }
},
{
    "model": "expense.expense_point",
    "pk": 63,
    "fields": {
        "entry_date": "2022-11-02",
        "value_date": "2022-11-02",
        "fund": 24,
        "type": 1,
        "amount": "-11929.04"
    }
},
{
    "model": "expense.expense_point",
    "pk": 64,
    "fields": {
        "entry_date": "2022-11-02",
        "value_date": "2022-11-02",
        "fund": 25,
        "type": 6,
        "amount": "-31461.58"
    }
},
{
    "model": "expense.expense_point",
    "pk": 65,
    "fields": {
        "entry_date": "2022-11-02",
        "value_date": "2022-11-02",
        "fund": 27,
        "type": 1,
        "amount": "-375120.55"
    }
},
{
    "model": "expense.expense_point",
    "pk": 66,
    "fields": {
        "entry_date": "2022-11-02",
        "value_date": "2022-11-02",
        "fund": 28,
        "type": 1,
        "amount": "-26409.00"
    }
},
{
    "model": "expense.expense_point",
    "pk": 67,
    "fields": {
        "entry_date": "2022-11-02",
        "value_date": "2022-11-02",
        "fund": 29,
        "type": 1,
        "amount": "-58185.05"
    }
},
{
    "model": "expense.expense_point",
    "pk": 68,
    "fields": {
        "entry_date": "2022-11-02",
        "value_date": "2022-11-02",
        "fund": 30,
        "type": 1,
        "amount": "-2451346.43"
    }
},
{
    "model": "expense.expense_point",
    "pk": 69,
    "fields": {
        "entry_date": "2022-11-02",
        "value_date": "2022-11-02",
        "fund": 31,
        "type": 1,
        "amount": "-13531.97"
    }
},
{
    "model": "expense.expense_point",
    "pk": 70,
    "fields": {
        "entry_date": "2022-11-02",
        "value_date": "2022-11-02",
        "fund": 32,
        "type": 1,
        "amount": "-4807.32"
    }
},
{
    "model": "expense.expense_point",
    "pk": 71,
    "fields": {
        "entry_date": "2022-11-02",
        "value_date": "2022-11-02",
        "fund": 33,
        "type": 1,
        "amount": "-6000.00"
    }
},
{
    "model": "expense.expense_point",
    "pk": 72,
    "fields": {
        "entry_date": "2022-11-02",
        "value_date": "2022-11-02",
        "fund": 34,
        "type": 1,
        "amount": "-2218.09"
    }
},
{
    "model": "expense.expense_point",
    "pk": 73,
    "fields": {
        "entry_date": "2022-11-02",
        "value_date": "2022-11-02",
        "fund": 36,
        "type": 1,
        "amount": "-28932.61"
    }
},
{
    "model": "expense.expense_point",
    "pk": 74,
    "fields": {
        "entry_date": "2022-11-02",
        "value_date": "2022-11-02",
        "fund": 37,
        "type": 1,
        "amount": "-53880.05"
    }
},
{
    "model": "expense.expense_point",
    "pk": 75,
    "fields": {
        "entry_date": "2022-11-02",
        "value_date": "2022-11-02",
        "fund": 39,
        "type": 1,
        "amount": "-5501.28"
    }
},
{
    "model": "expense.expense_point",
    "pk": 76,
    "fields": {
        "entry_date": "2022-11-02",
        "value_date": "2022-11-02",
        "fund": 40,
        "type": 1,
        "amount": "-202300.00"
    }
},
{
    "model": "expense.expense_point",
    "pk": 77,
    "fields": {
        "entry_date": "2022-11-02",
        "value_date": "2022-11-02",
        "fund": 41,
        "type": 1,
        "amount": "-184768.45"
    }
},
{
    "model": "expense.expense_point",
    "pk": 78,
    "fields": {
        "entry_date": "2022-11-02",
        "value_date": "2022-11-02",
        "fund": 42,
        "type": 1,
        "amount": "-47255.28"
    }
},
{
    "model": "expense.expense_point",
    "pk": 79,
    "fields": {
        "entry_date": "2022-11-02",
        "value_date": "2022-11-02",
        "fund": 43,
        "type": 1,
        "amount": "-67952.88"
    }
},
{
    "model": "expense.expense_point",
    "pk": 80,
    "fields": {
        "entry_date": "2022-11-02",
        "value_date": "2022-11-02",
        "fund": 44,
        "type": 1,
        "amount": "-72558.63"
    }
},
{
    "model": "expense.expense_point",
    "pk": 81,
    "fields": {
        "entry_date": "2022-11-02",
        "value_date": "2022-11-02",
        "fund": 45,
        "type": 1,
        "amount": "-41309.58"
    }
},
{
    "model": "expense.expense_point",
    "pk": 82,
    "fields": {
        "entry_date": "2022-11-02",
        "value_date": "2022-11-02",
        "fund": 46,
        "type": 1,
        "amount": "-90452.46"
    }
},
{
    "model": "expense.expense_point",
    "pk": 83,
    "fields": {
        "entry_date": "2022-11-02",
        "value_date": "2022-11-02",
        "fund": 47,
        "type": 1,
        "amount": "-134683.80"
    }
},
{
    "model": "expense.expense_point",
    "pk": 84,
    "fields": {
        "entry_date": "2022-11-02",
        "value_date": "2022-11-02",
        "fund": 48,
        "type": 1,
        "amount": "-115673.94"
    }
},
{
    "model": "expense.expense_point",
    "pk": 85,
    "fields": {
        "entry_date": "2022-11-02",
        "value_date": "2022-11-02",
        "fund": 49,
        "type": 1,
        "amount": "-85452.55"
    }
},
{
    "model": "expense.expense_point",
    "pk": 86,
    "fields": {
        "entry_date": "2022-11-02",
        "value_date": "2022-11-02",
        "fund": 50,
        "type": 1,
        "amount": "-15743.99"
    }
},
{
    "model": "expense.expense_point",
    "pk": 87,
    "fields": {
        "entry_date": "2022-11-02",
        "value_date": "2022-11-02",
        "fund": 51,
        "type": 1,
        "amount": "-533901.61"
    }
},
{
    "model": "expense.expense_point",
    "pk": 88,
    "fields": {
        "entry_date": "2022-11-02",
        "value_date": "2022-11-02",
        "fund": 52,
        "type": 1,
        "amount": "-817465.91"
    }
},
{
    "model": "expense.expense_point",
    "pk": 89,
    "fields": {
        "entry_date": "2022-11-02",
        "value_date": "2022-11-02",
        "fund": 53,
        "type": 1,
        "amount": "-3539.22"
    }
},
{
    "model": "expense.expense_point",
    "pk": 90,
    "fields": {
        "entry_date": "2022-11-02",
        "value_date": "2022-11-02",
        "fund": 54,
        "type": 1,
        "amount": "-726755.43"
    }
},
{
    "model": "expense.expense_point",
    "pk": 91,
    "fields": {
        "entry_date": "2022-11-02",
        "value_date": "2022-11-02",
        "fund": 55,
        "type": 1,
        "amount": "-28226.66"
    }
},
{
    "model": "expense.expense_point",
    "pk": 92,
    "fields": {
        "entry_date": "2022-11-02",
        "value_date": "2022-11-02",
        "fund": 56,
        "type": 1,
        "amount": "-881538.44"
    }
},
{
    "model": "expense.contract_type",
    "pk": 1,
    "fields": {
        "name": "CDD"
    }
},
{
    "model": "expense.contract_type",
    "pk": 2,
    "fields": {
        "name": "CDI"
    }
},
{
    "model": "expense.contract_type",
    "pk": 3,
    "fields": {
        "name": "Vacation"
    }
},
{
    "model": "expense.contract_type",
    "pk": 4,
    "fields": {
        "name": "CUMUL"
    }
},
{
    "model": "admin.logentry",
    "pk": 1,
    "fields": {
        "action_time": "2022-11-02T15:24:27.079Z",
        "user": [
            "ben"
        ],
        "content_type": [
            "expense",
            "contract_type"
        ],
        "object_id": "1",
        "object_repr": "CDD",
        "action_flag": 1,
        "change_message": "[{\"added\": {}}]"
    }
},
{
    "model": "admin.logentry",
    "pk": 2,
    "fields": {
        "action_time": "2022-11-02T15:24:31.564Z",
        "user": [
            "ben"
        ],
        "content_type": [
            "expense",
            "contract_type"
        ],
        "object_id": "2",
        "object_repr": "CDI",
        "action_flag": 1,
        "change_message": "[{\"added\": {}}]"
    }
},
{
    "model": "admin.logentry",
    "pk": 3,
    "fields": {
        "action_time": "2022-11-02T15:24:33.489Z",
        "user": [
            "ben"
        ],
        "content_type": [
            "expense",
            "contract_type"
        ],
        "object_id": "2",
        "object_repr": "CDI",
        "action_flag": 2,
        "change_message": "[]"
    }
},
{
    "model": "admin.logentry",
    "pk": 4,
    "fields": {
        "action_time": "2022-11-02T15:24:38.087Z",
        "user": [
            "ben"
        ],
        "content_type": [
            "expense",
            "contract_type"
        ],
        "object_id": "3",
        "object_repr": "Vacation",
        "action_flag": 1,
        "change_message": "[{\"added\": {}}]"
    }
},
{
    "model": "admin.logentry",
    "pk": 5,
    "fields": {
        "action_time": "2022-11-02T15:24:41.902Z",
        "user": [
            "ben"
        ],
        "content_type": [
            "expense",
            "contract_type"
        ],
        "object_id": "4",
        "object_repr": "CUMUL",
        "action_flag": 1,
        "change_message": "[{\"added\": {}}]"
    }
},
{
    "model": "admin.logentry",
    "pk": 6,
    "fields": {
        "action_time": "2022-11-02T15:24:58.195Z",
        "user": [
            "ben"
        ],
        "content_type": [
            "fund",
            "cost_type"
        ],
        "object_id": "1",
        "object_repr": "Fonctionnement",
        "action_flag": 1,
        "change_message": "[{\"added\": {}}]"
    }
},
{
    "model": "admin.logentry",
    "pk": 7,
    "fields": {
        "action_time": "2022-11-02T15:25:25.408Z",
        "user": [
            "ben"
        ],
        "content_type": [
            "fund",
            "cost_type"
        ],
        "object_id": "2",
        "object_repr": "Mission",
        "action_flag": 1,
        "change_message": "[{\"added\": {}}]"
    }
},
{
    "model": "admin.logentry",
    "pk": 8,
    "fields": {
        "action_time": "2022-11-02T15:25:34.993Z",
        "user": [
            "ben"
        ],
        "content_type": [
            "fund",
            "cost_type"
        ],
        "object_id": "3",
        "object_repr": "Equipement",
        "action_flag": 1,
        "change_message": "[{\"added\": {}}]"
    }
},
{
    "model": "admin.logentry",
    "pk": 9,
    "fields": {
        "action_time": "2022-11-02T15:25:45.637Z",
        "user": [
            "ben"
        ],
        "content_type": [
            "fund",
            "cost_type"
        ],
        "object_id": "4",
        "object_repr": "Prestation",
        "action_flag": 1,
        "change_message": "[{\"added\": {}}]"
    }
},
{
    "model": "admin.logentry",
    "pk": 10,
    "fields": {
        "action_time": "2022-11-02T15:25:54.916Z",
        "user": [
            "ben"
        ],
        "content_type": [
            "fund",
            "cost_type"
        ],
        "object_id": "5",
        "object_repr": "Ressource Humaine",
        "action_flag": 1,
        "change_message": "[{\"added\": {}}]"
    }
},
{
    "model": "admin.logentry",
    "pk": 11,
    "fields": {
        "action_time": "2022-11-02T15:26:03.763Z",
        "user": [
            "ben"
        ],
        "content_type": [
            "fund",
            "cost_type"
        ],
        "object_id": "6",
        "object_repr": "Ressource Humaine CDD",
        "action_flag": 1,
        "change_message": "[{\"added\": {}}]"
    }
},
{
    "model": "admin.logentry",
    "pk": 12,
    "fields": {
        "action_time": "2022-11-02T15:26:11.334Z",
        "user": [
            "ben"
        ],
        "content_type": [
            "fund",
            "cost_type"
        ],
        "object_id": "7",
        "object_repr": "Ressource Humaine CDI",
        "action_flag": 1,
        "change_message": "[{\"added\": {}}]"
    }
},
{
    "model": "admin.logentry",
    "pk": 13,
    "fields": {
        "action_time": "2022-11-02T15:26:29.593Z",
        "user": [
            "ben"
        ],
        "content_type": [
            "fund",
            "fund_institution"
        ],
        "object_id": "1",
        "object_repr": "Adocia",
        "action_flag": 1,
        "change_message": "[{\"added\": {}}]"
    }
},
{
    "model": "admin.logentry",
    "pk": 14,
    "fields": {
        "action_time": "2022-11-02T15:27:17.505Z",
        "user": [
            "ben"
        ],
        "content_type": [
            "fund",
            "fund_institution"
        ],
        "object_id": "2",
        "object_repr": "Bioxodes",
        "action_flag": 1,
        "change_message": "[{\"added\": {}}]"
    }
},
{
    "model": "admin.logentry",
    "pk": 15,
    "fields": {
        "action_time": "2022-11-02T15:28:06.750Z",
        "user": [
            "ben"
        ],
        "content_type": [
            "fund",
            "fund_institution"
        ],
        "object_id": "3",
        "object_repr": "ARD",
        "action_flag": 1,
        "change_message": "[{\"added\": {}}]"
    }
},
{
    "model": "admin.logentry",
    "pk": 16,
    "fields": {
        "action_time": "2022-11-02T15:28:11.651Z",
        "user": [
            "ben"
        ],
        "content_type": [
            "fund",
            "fund_institution"
        ],
        "object_id": "4",
        "object_repr": "AENITIS",
        "action_flag": 1,
        "change_message": "[{\"added\": {}}]"
    }
},
{
    "model": "admin.logentry",
    "pk": 17,
    "fields": {
        "action_time": "2022-11-02T15:28:24.793Z",
        "user": [
            "ben"
        ],
        "content_type": [
            "fund",
            "fund_institution"
        ],
        "object_id": "5",
        "object_repr": "ABM",
        "action_flag": 1,
        "change_message": "[{\"added\": {}}]"
    }
},
{
    "model": "admin.logentry",
    "pk": 18,
    "fields": {
        "action_time": "2022-11-02T15:28:29.870Z",
        "user": [
            "ben"
        ],
        "content_type": [
            "fund",
            "fund_institution"
        ],
        "object_id": "6",
        "object_repr": "ANR",
        "action_flag": 1,
        "change_message": "[{\"added\": {}}]"
    }
},
{
    "model": "admin.logentry",
    "pk": 19,
    "fields": {
        "action_time": "2022-11-02T15:28:51.152Z",
        "user": [
            "ben"
        ],
        "content_type": [
            "fund",
            "fund_institution"
        ],
        "object_id": "7",
        "object_repr": "AstraZ",
        "action_flag": 1,
        "change_message": "[{\"added\": {}}]"
    }
},
{
    "model": "admin.logentry",
    "pk": 20,
    "fields": {
        "action_time": "2022-11-02T15:28:57.822Z",
        "user": [
            "ben"
        ],
        "content_type": [
            "fund",
            "fund_institution"
        ],
        "object_id": "8",
        "object_repr": "DiogenX",
        "action_flag": 1,
        "change_message": "[{\"added\": {}}]"
    }
},
{
    "model": "admin.logentry",
    "pk": 21,
    "fields": {
        "action_time": "2022-11-02T15:29:19.905Z",
        "user": [
            "ben"
        ],
        "content_type": [
            "fund",
            "fund_institution"
        ],
        "object_id": "9",
        "object_repr": "Inserm",
        "action_flag": 1,
        "change_message": "[{\"added\": {}}]"
    }
},
{
    "model": "admin.logentry",
    "pk": 22,
    "fields": {
        "action_time": "2022-11-02T15:29:36.380Z",
        "user": [
            "ben"
        ],
        "content_type": [
            "fund",
            "fund_institution"
        ],
        "object_id": "10",
        "object_repr": "ULille",
        "action_flag": 1,
        "change_message": "[{\"added\": {}}]"
    }
},
{
    "model": "admin.logentry",
    "pk": 23,
    "fields": {
        "action_time": "2022-11-02T15:29:42.546Z",
        "user": [
            "ben"
        ],
        "content_type": [
            "fund",
            "fund_institution"
        ],
        "object_id": "11",
        "object_repr": "IPL",
        "action_flag": 1,
        "change_message": "[{\"added\": {}}]"
    }
},
{
    "model": "admin.logentry",
    "pk": 24,
    "fields": {
        "action_time": "2022-11-02T15:29:59.562Z",
        "user": [
            "ben"
        ],
        "content_type": [
            "fund",
            "fund_institution"
        ],
        "object_id": "12",
        "object_repr": "F_AVENIR",
        "action_flag": 1,
        "change_message": "[{\"added\": {}}]"
    }
},
{
    "model": "admin.logentry",
    "pk": 25,
    "fields": {
        "action_time": "2022-11-02T15:30:10.872Z",
        "user": [
            "ben"
        ],
        "content_type": [
            "fund",
            "fund_institution"
        ],
        "object_id": "13",
        "object_repr": "FRM",
        "action_flag": 1,
        "change_message": "[{\"added\": {}}]"
    }
},
{
    "model": "admin.logentry",
    "pk": 26,
    "fields": {
        "action_time": "2022-11-02T15:30:22.027Z",
        "user": [
            "ben"
        ],
        "content_type": [
            "fund",
            "fund_institution"
        ],
        "object_id": "14",
        "object_repr": "I-Site",
        "action_flag": 1,
        "change_message": "[{\"added\": {}}]"
    }
},
{
    "model": "admin.logentry",
    "pk": 27,
    "fields": {
        "action_time": "2022-11-02T15:30:36.099Z",
        "user": [
            "ben"
        ],
        "content_type": [
            "fund",
            "fund_institution"
        ],
        "object_id": "15",
        "object_repr": "MAASTRICHT",
        "action_flag": 1,
        "change_message": "[{\"added\": {}}]"
    }
},
{
    "model": "admin.logentry",
    "pk": 28,
    "fields": {
        "action_time": "2022-11-02T15:30:44.997Z",
        "user": [
            "ben"
        ],
        "content_type": [
            "fund",
            "fund_institution"
        ],
        "object_id": "16",
        "object_repr": "SANTELYS",
        "action_flag": 1,
        "change_message": "[{\"added\": {}}]"
    }
},
{
    "model": "admin.logentry",
    "pk": 29,
    "fields": {
        "action_time": "2022-11-02T15:35:09.557Z",
        "user": [
            "ben"
        ],
        "content_type": [
            "fund",
            "fund_institution"
        ],
        "object_id": "17",
        "object_repr": "SENTINHEAL",
        "action_flag": 1,
        "change_message": "[{\"added\": {}}]"
    }
},
{
    "model": "admin.logentry",
    "pk": 30,
    "fields": {
        "action_time": "2022-11-02T15:35:18.185Z",
        "user": [
            "ben"
        ],
        "content_type": [
            "fund",
            "fund_institution"
        ],
        "object_id": "18",
        "object_repr": "SFD",
        "action_flag": 1,
        "change_message": "[{\"added\": {}}]"
    }
},
{
    "model": "admin.logentry",
    "pk": 31,
    "fields": {
        "action_time": "2022-11-02T15:35:42.534Z",
        "user": [
            "ben"
        ],
        "content_type": [
            "fund",
            "fund_institution"
        ],
        "object_id": "19",
        "object_repr": "SFE",
        "action_flag": 1,
        "change_message": "[{\"added\": {}}]"
    }
},
{
    "model": "admin.logentry",
    "pk": 32,
    "fields": {
        "action_time": "2022-11-02T15:35:56.679Z",
        "user": [
            "ben"
        ],
        "content_type": [
            "fund",
            "fund_institution"
        ],
        "object_id": "20",
        "object_repr": "PHRC",
        "action_flag": 1,
        "change_message": "[{\"added\": {}}]"
    }
},
{
    "model": "admin.logentry",
    "pk": 33,
    "fields": {
        "action_time": "2022-11-02T15:36:08.266Z",
        "user": [
            "ben"
        ],
        "content_type": [
            "fund",
            "fund_institution"
        ],
        "object_id": "21",
        "object_repr": "Region HDF",
        "action_flag": 1,
        "change_message": "[{\"added\": {}}]"
    }
},
{
    "model": "admin.logentry",
    "pk": 34,
    "fields": {
        "action_time": "2022-11-02T15:36:20.770Z",
        "user": [
            "ben"
        ],
        "content_type": [
            "fund",
            "fund_institution"
        ],
        "object_id": "22",
        "object_repr": "IMI",
        "action_flag": 1,
        "change_message": "[{\"added\": {}}]"
    }
},
{
    "model": "admin.logentry",
    "pk": 35,
    "fields": {
        "action_time": "2022-11-02T15:36:34.142Z",
        "user": [
            "ben"
        ],
        "content_type": [
            "project",
            "institution"
        ],
        "object_id": "1",
        "object_repr": "Inser",
        "action_flag": 1,
        "change_message": "[{\"added\": {}}]"
    }
},
{
    "model": "admin.logentry",
    "pk": 36,
    "fields": {
        "action_time": "2022-11-02T15:36:45.295Z",
        "user": [
            "ben"
        ],
        "content_type": [
            "project",
            "institution"
        ],
        "object_id": "1",
        "object_repr": "Inserm",
        "action_flag": 2,
        "change_message": "[{\"changed\": {\"fields\": [\"Short name\"]}}]"
    }
},
{
    "model": "admin.logentry",
    "pk": 37,
    "fields": {
        "action_time": "2022-11-02T15:36:54.099Z",
        "user": [
            "ben"
        ],
        "content_type": [
            "project",
            "institution"
        ],
        "object_id": "2",
        "object_repr": "ULille",
        "action_flag": 1,
        "change_message": "[{\"added\": {}}]"
    }
},
{
    "model": "admin.logentry",
    "pk": 38,
    "fields": {
        "action_time": "2022-11-02T15:37:06.832Z",
        "user": [
            "ben"
        ],
        "content_type": [
            "project",
            "institution"
        ],
        "object_id": "3",
        "object_repr": "CHU Lille",
        "action_flag": 1,
        "change_message": "[{\"added\": {}}]"
    }
},
{
    "model": "admin.logentry",
    "pk": 39,
    "fields": {
        "action_time": "2022-11-02T15:37:19.873Z",
        "user": [
            "ben"
        ],
        "content_type": [
            "project",
            "institution"
        ],
        "object_id": "4",
        "object_repr": "IPL",
        "action_flag": 1,
        "change_message": "[{\"added\": {}}]"
    }
},
{
    "model": "admin.logentry",
    "pk": 40,
    "fields": {
        "action_time": "2022-11-02T15:37:45.056Z",
        "user": [
            "ben"
        ],
        "content_type": [
            "sites",
            "site"
        ],
        "object_id": "1",
        "object_repr": "labsmanager.legendre-ratajczak.fr",
        "action_flag": 2,
        "change_message": "[{\"changed\": {\"fields\": [\"Domain name\", \"Display name\"]}}]"
    }
},
{
    "model": "admin.logentry",
    "pk": 41,
    "fields": {
        "action_time": "2022-11-02T15:40:13.131Z",
        "user": [
            "ben"
        ],
        "content_type": [
            "fund",
            "cost_type"
        ],
        "object_id": "8",
        "object_repr": "Frais de Gestion",
        "action_flag": 1,
        "change_message": "[{\"added\": {}}]"
    }
},
{
    "model": "admin.logentry",
    "pk": 42,
    "fields": {
        "action_time": "2022-11-02T15:40:24.583Z",
        "user": [
            "ben"
        ],
        "content_type": [
            "fund",
            "cost_type"
        ],
        "object_id": "9",
        "object_repr": "Frais de Gestion Institutionnel",
        "action_flag": 1,
        "change_message": "[{\"added\": {}}]"
    }
},
{
    "model": "admin.logentry",
    "pk": 43,
    "fields": {
        "action_time": "2022-11-02T15:40:36.525Z",
        "user": [
            "ben"
        ],
        "content_type": [
            "fund",
            "cost_type"
        ],
        "object_id": "10",
        "object_repr": "Frais de Gesiton Labo",
        "action_flag": 1,
        "change_message": "[{\"added\": {}}]"
    }
},
{
    "model": "admin.logentry",
    "pk": 44,
    "fields": {
        "action_time": "2022-11-02T16:10:02.382Z",
        "user": [
            "ben"
        ],
        "content_type": [
            "fund",
            "fund_institution"
        ],
        "object_id": "23",
        "object_repr": "EFSD",
        "action_flag": 1,
        "change_message": "[{\"added\": {}}]"
    }
},
{
    "model": "admin.logentry",
    "pk": 45,
    "fields": {
        "action_time": "2022-11-02T16:14:38.544Z",
        "user": [
            "ben"
        ],
        "content_type": [
            "fund",
            "cost_type"
        ],
        "object_id": "11",
        "object_repr": "Reversement",
        "action_flag": 1,
        "change_message": "[{\"added\": {}}]"
    }
},
{
    "model": "admin.logentry",
    "pk": 46,
    "fields": {
        "action_time": "2022-11-02T16:28:21.362Z",
        "user": [
            "ben"
        ],
        "content_type": [
            "fund",
            "fund_institution"
        ],
        "object_id": "24",
        "object_repr": "Inserm",
        "action_flag": 1,
        "change_message": "[{\"added\": {}}]"
    }
},
{
    "model": "admin.logentry",
    "pk": 47,
    "fields": {
        "action_time": "2022-11-02T16:28:31.059Z",
        "user": [
            "ben"
        ],
        "content_type": [
            "fund",
            "fund_institution"
        ],
        "object_id": "25",
        "object_repr": "CHU Lille",
        "action_flag": 1,
        "change_message": "[{\"added\": {}}]"
    }
},
{
    "model": "admin.logentry",
    "pk": 48,
    "fields": {
        "action_time": "2022-11-02T16:32:14.664Z",
        "user": [
            "ben"
        ],
        "content_type": [
            "fund",
            "fund_institution"
        ],
        "object_id": "26",
        "object_repr": "CNRS",
        "action_flag": 1,
        "change_message": "[{\"added\": {}}]"
    }
},
{
    "model": "admin.logentry",
    "pk": 49,
    "fields": {
        "action_time": "2022-11-02T16:32:33.795Z",
        "user": [
            "ben"
        ],
        "content_type": [
            "fund",
            "fund"
        ],
        "object_id": "33",
        "object_repr": "RHU PRECINASH | CNRS -> CHU Lille",
        "action_flag": 2,
        "change_message": "[{\"changed\": {\"fields\": [\"Fund Instituition\"]}}]"
    }
},
{
    "model": "admin.logentry",
    "pk": 50,
    "fields": {
        "action_time": "2022-11-02T16:34:11.948Z",
        "user": [
            "ben"
        ],
        "content_type": [
            "fund",
            "fund_institution"
        ],
        "object_id": "27",
        "object_repr": "MEDTronic",
        "action_flag": 1,
        "change_message": "[{\"added\": {}}]"
    }
},
{
    "model": "admin.logentry",
    "pk": 51,
    "fields": {
        "action_time": "2022-11-02T16:36:53.139Z",
        "user": [
            "ben"
        ],
        "content_type": [
            "project",
            "project"
        ],
        "object_id": "42",
        "object_repr": "I-SITE :Coealiocovid",
        "action_flag": 2,
        "change_message": "[{\"changed\": {\"fields\": [\"Project Name\"]}}]"
    }
},
{
    "model": "admin.logentry",
    "pk": 52,
    "fields": {
        "action_time": "2022-11-02T16:36:59.188Z",
        "user": [
            "ben"
        ],
        "content_type": [
            "project",
            "project"
        ],
        "object_id": "42",
        "object_repr": "I-SITE :Coeliocovid",
        "action_flag": 2,
        "change_message": "[{\"changed\": {\"fields\": [\"Project Name\"]}}]"
    }
},
{
    "model": "admin.logentry",
    "pk": 53,
    "fields": {
        "action_time": "2022-11-02T17:54:43.013Z",
        "user": [
            "ben"
        ],
        "content_type": [
            "auditlog",
            "logentry"
        ],
        "object_id": "325",
        "object_repr": "Updated Contrat de collaboration - 2018/0530 | CHU Lille -> CHU Lille",
        "action_flag": 3,
        "change_message": ""
    }
},
{
    "model": "admin.logentry",
    "pk": 54,
    "fields": {
        "action_time": "2022-11-02T17:54:43.021Z",
        "user": [
            "ben"
        ],
        "content_type": [
            "auditlog",
            "logentry"
        ],
        "object_id": "324",
        "object_repr": "Updated Compte d'attente Pr Pattou | CHU Lille -> CHU Lille",
        "action_flag": 3,
        "change_message": ""
    }
},
{
    "model": "admin.logentry",
    "pk": 55,
    "fields": {
        "action_time": "2022-11-02T17:54:43.025Z",
        "user": [
            "ben"
        ],
        "content_type": [
            "auditlog",
            "logentry"
        ],
        "object_id": "323",
        "object_repr": "Created Fund_Item object (103)",
        "action_flag": 3,
        "change_message": ""
    }
},
{
    "model": "admin.logentry",
    "pk": 56,
    "fields": {
        "action_time": "2022-11-02T17:54:43.029Z",
        "user": [
            "ben"
        ],
        "content_type": [
            "auditlog",
            "logentry"
        ],
        "object_id": "322",
        "object_repr": "Created SFD S.ESPIARD U1190 | SFD -> Inserm",
        "action_flag": 3,
        "change_message": ""
    }
},
{
    "model": "admin.logentry",
    "pk": 57,
    "fields": {
        "action_time": "2022-11-02T17:54:43.033Z",
        "user": [
            "ben"
        ],
        "content_type": [
            "auditlog",
            "logentry"
        ],
        "object_id": "321",
        "object_repr": "Created SFD S.ESPIARD U1190",
        "action_flag": 3,
        "change_message": ""
    }
},
{
    "model": "admin.logentry",
    "pk": 58,
    "fields": {
        "action_time": "2022-11-02T17:54:43.037Z",
        "user": [
            "ben"
        ],
        "content_type": [
            "auditlog",
            "logentry"
        ],
        "object_id": "320",
        "object_repr": "Created STIC Endomettab | CHU Lille -> CHU Lille/Fonctionnement - 2022-11-02",
        "action_flag": 3,
        "change_message": ""
    }
},
{
    "model": "admin.logentry",
    "pk": 59,
    "fields": {
        "action_time": "2022-11-02T17:54:43.042Z",
        "user": [
            "ben"
        ],
        "content_type": [
            "auditlog",
            "logentry"
        ],
        "object_id": "319",
        "object_repr": "Created Fund_Item object (102)",
        "action_flag": 3,
        "change_message": ""
    }
},
{
    "model": "admin.logentry",
    "pk": 60,
    "fields": {
        "action_time": "2022-11-02T17:54:43.046Z",
        "user": [
            "ben"
        ],
        "content_type": [
            "auditlog",
            "logentry"
        ],
        "object_id": "318",
        "object_repr": "Created STIC Endomettab | CHU Lille -> CHU Lille",
        "action_flag": 3,
        "change_message": ""
    }
},
{
    "model": "admin.logentry",
    "pk": 61,
    "fields": {
        "action_time": "2022-11-02T17:54:43.050Z",
        "user": [
            "ben"
        ],
        "content_type": [
            "auditlog",
            "logentry"
        ],
        "object_id": "317",
        "object_repr": "Created STIC Apollo | CHU Lille -> CHU Lille/Fonctionnement - 2022-11-02",
        "action_flag": 3,
        "change_message": ""
    }
},
{
    "model": "admin.logentry",
    "pk": 62,
    "fields": {
        "action_time": "2022-11-02T17:54:43.054Z",
        "user": [
            "ben"
        ],
        "content_type": [
            "auditlog",
            "logentry"
        ],
        "object_id": "316",
        "object_repr": "Created Fund_Item object (101)",
        "action_flag": 3,
        "change_message": ""
    }
},
{
    "model": "admin.logentry",
    "pk": 63,
    "fields": {
        "action_time": "2022-11-02T17:54:43.057Z",
        "user": [
            "ben"
        ],
        "content_type": [
            "auditlog",
            "logentry"
        ],
        "object_id": "315",
        "object_repr": "Created STIC Apollo | CHU Lille -> CHU Lille",
        "action_flag": 3,
        "change_message": ""
    }
},
{
    "model": "admin.logentry",
    "pk": 64,
    "fields": {
        "action_time": "2022-11-02T17:54:43.061Z",
        "user": [
            "ben"
        ],
        "content_type": [
            "auditlog",
            "logentry"
        ],
        "object_id": "314",
        "object_repr": "Created STABILOT | PHRC -> CHU Lille/Fonctionnement - 2022-11-02",
        "action_flag": 3,
        "change_message": ""
    }
},
{
    "model": "admin.logentry",
    "pk": 65,
    "fields": {
        "action_time": "2022-11-02T17:54:43.065Z",
        "user": [
            "ben"
        ],
        "content_type": [
            "auditlog",
            "logentry"
        ],
        "object_id": "313",
        "object_repr": "Created Fund_Item object (100)",
        "action_flag": 3,
        "change_message": ""
    }
},
{
    "model": "admin.logentry",
    "pk": 66,
    "fields": {
        "action_time": "2022-11-02T17:54:43.069Z",
        "user": [
            "ben"
        ],
        "content_type": [
            "auditlog",
            "logentry"
        ],
        "object_id": "312",
        "object_repr": "Created STABILOT | PHRC -> CHU Lille",
        "action_flag": 3,
        "change_message": ""
    }
},
{
    "model": "admin.logentry",
    "pk": 67,
    "fields": {
        "action_time": "2022-11-02T17:54:43.072Z",
        "user": [
            "ben"
        ],
        "content_type": [
            "auditlog",
            "logentry"
        ],
        "object_id": "311",
        "object_repr": "Created SOPHIA | IMI -> CHU Lille/Fonctionnement - 2022-11-02",
        "action_flag": 3,
        "change_message": ""
    }
},
{
    "model": "admin.logentry",
    "pk": 68,
    "fields": {
        "action_time": "2022-11-02T17:54:43.076Z",
        "user": [
            "ben"
        ],
        "content_type": [
            "auditlog",
            "logentry"
        ],
        "object_id": "310",
        "object_repr": "Created Fund_Item object (99)",
        "action_flag": 3,
        "change_message": ""
    }
},
{
    "model": "admin.logentry",
    "pk": 69,
    "fields": {
        "action_time": "2022-11-02T17:54:43.079Z",
        "user": [
            "ben"
        ],
        "content_type": [
            "auditlog",
            "logentry"
        ],
        "object_id": "309",
        "object_repr": "Created SOPHIA | IMI -> CHU Lille",
        "action_flag": 3,
        "change_message": ""
    }
},
{
    "model": "admin.logentry",
    "pk": 70,
    "fields": {
        "action_time": "2022-11-02T17:54:43.083Z",
        "user": [
            "ben"
        ],
        "content_type": [
            "auditlog",
            "logentry"
        ],
        "object_id": "308",
        "object_repr": "Created RHU PRECINASH | ANR -> CHU Lille/Fonctionnement - 2022-11-02",
        "action_flag": 3,
        "change_message": ""
    }
},
{
    "model": "admin.logentry",
    "pk": 71,
    "fields": {
        "action_time": "2022-11-02T17:54:43.087Z",
        "user": [
            "ben"
        ],
        "content_type": [
            "auditlog",
            "logentry"
        ],
        "object_id": "307",
        "object_repr": "Created Fund_Item object (98)",
        "action_flag": 3,
        "change_message": ""
    }
},
{
    "model": "admin.logentry",
    "pk": 72,
    "fields": {
        "action_time": "2022-11-02T17:54:43.095Z",
        "user": [
            "ben"
        ],
        "content_type": [
            "auditlog",
            "logentry"
        ],
        "object_id": "306",
        "object_repr": "Created RHU PRECINASH | ANR -> CHU Lille",
        "action_flag": 3,
        "change_message": ""
    }
},
{
    "model": "admin.logentry",
    "pk": 73,
    "fields": {
        "action_time": "2022-11-02T17:54:43.099Z",
        "user": [
            "ben"
        ],
        "content_type": [
            "auditlog",
            "logentry"
        ],
        "object_id": "305",
        "object_repr": "Created RHAPSODY | IMI -> CHU Lille/Fonctionnement - 2022-11-02",
        "action_flag": 3,
        "change_message": ""
    }
},
{
    "model": "admin.logentry",
    "pk": 74,
    "fields": {
        "action_time": "2022-11-02T17:54:43.103Z",
        "user": [
            "ben"
        ],
        "content_type": [
            "auditlog",
            "logentry"
        ],
        "object_id": "304",
        "object_repr": "Created Fund_Item object (97)",
        "action_flag": 3,
        "change_message": ""
    }
},
{
    "model": "admin.logentry",
    "pk": 75,
    "fields": {
        "action_time": "2022-11-02T17:54:43.107Z",
        "user": [
            "ben"
        ],
        "content_type": [
            "auditlog",
            "logentry"
        ],
        "object_id": "303",
        "object_repr": "Created RHAPSODY | IMI -> CHU Lille",
        "action_flag": 3,
        "change_message": ""
    }
},
{
    "model": "admin.logentry",
    "pk": 76,
    "fields": {
        "action_time": "2022-11-02T17:54:43.111Z",
        "user": [
            "ben"
        ],
        "content_type": [
            "auditlog",
            "logentry"
        ],
        "object_id": "302",
        "object_repr": "Created Protocole YOMEGA | CHU Lille -> CHU Lille/Fonctionnement - 2022-11-02",
        "action_flag": 3,
        "change_message": ""
    }
},
{
    "model": "admin.logentry",
    "pk": 77,
    "fields": {
        "action_time": "2022-11-02T17:54:43.115Z",
        "user": [
            "ben"
        ],
        "content_type": [
            "auditlog",
            "logentry"
        ],
        "object_id": "301",
        "object_repr": "Created Fund_Item object (96)",
        "action_flag": 3,
        "change_message": ""
    }
},
{
    "model": "admin.logentry",
    "pk": 78,
    "fields": {
        "action_time": "2022-11-02T17:54:43.119Z",
        "user": [
            "ben"
        ],
        "content_type": [
            "auditlog",
            "logentry"
        ],
        "object_id": "300",
        "object_repr": "Created Protocole YOMEGA | CHU Lille -> CHU Lille",
        "action_flag": 3,
        "change_message": ""
    }
},
{
    "model": "admin.logentry",
    "pk": 79,
    "fields": {
        "action_time": "2022-11-02T17:54:43.123Z",
        "user": [
            "ben"
        ],
        "content_type": [
            "auditlog",
            "logentry"
        ],
        "object_id": "299",
        "object_repr": "Created Projet IRCO | CHU Lille -> CHU Lille/Fonctionnement - 2022-11-02",
        "action_flag": 3,
        "change_message": ""
    }
},
{
    "model": "admin.logentry",
    "pk": 80,
    "fields": {
        "action_time": "2022-11-02T17:54:43.127Z",
        "user": [
            "ben"
        ],
        "content_type": [
            "auditlog",
            "logentry"
        ],
        "object_id": "298",
        "object_repr": "Created Fund_Item object (95)",
        "action_flag": 3,
        "change_message": ""
    }
},
{
    "model": "admin.logentry",
    "pk": 81,
    "fields": {
        "action_time": "2022-11-02T17:54:43.131Z",
        "user": [
            "ben"
        ],
        "content_type": [
            "auditlog",
            "logentry"
        ],
        "object_id": "297",
        "object_repr": "Created Projet IRCO | CHU Lille -> CHU Lille",
        "action_flag": 3,
        "change_message": ""
    }
},
{
    "model": "admin.logentry",
    "pk": 82,
    "fields": {
        "action_time": "2022-11-02T17:54:43.135Z",
        "user": [
            "ben"
        ],
        "content_type": [
            "auditlog",
            "logentry"
        ],
        "object_id": "296",
        "object_repr": "Created Projet ECIT Islets for Basic Research | Region HDF -> CHU Lille/Fonctionnement - 2022-11-02",
        "action_flag": 3,
        "change_message": ""
    }
},
{
    "model": "admin.logentry",
    "pk": 83,
    "fields": {
        "action_time": "2022-11-02T17:54:43.138Z",
        "user": [
            "ben"
        ],
        "content_type": [
            "auditlog",
            "logentry"
        ],
        "object_id": "295",
        "object_repr": "Created Fund_Item object (94)",
        "action_flag": 3,
        "change_message": ""
    }
},
{
    "model": "admin.logentry",
    "pk": 84,
    "fields": {
        "action_time": "2022-11-02T17:54:43.142Z",
        "user": [
            "ben"
        ],
        "content_type": [
            "auditlog",
            "logentry"
        ],
        "object_id": "294",
        "object_repr": "Created Projet ECIT Islets for Basic Research | Region HDF -> CHU Lille",
        "action_flag": 3,
        "change_message": ""
    }
},
{
    "model": "admin.logentry",
    "pk": 85,
    "fields": {
        "action_time": "2022-11-02T17:54:43.146Z",
        "user": [
            "ben"
        ],
        "content_type": [
            "auditlog",
            "logentry"
        ],
        "object_id": "293",
        "object_repr": "Created PREPS TELEBARIA | PHRC -> CHU Lille/Fonctionnement - 2022-11-02",
        "action_flag": 3,
        "change_message": ""
    }
},
{
    "model": "admin.logentry",
    "pk": 86,
    "fields": {
        "action_time": "2022-11-02T17:54:43.149Z",
        "user": [
            "ben"
        ],
        "content_type": [
            "auditlog",
            "logentry"
        ],
        "object_id": "292",
        "object_repr": "Created Fund_Item object (93)",
        "action_flag": 3,
        "change_message": ""
    }
},
{
    "model": "admin.logentry",
    "pk": 87,
    "fields": {
        "action_time": "2022-11-02T17:54:43.153Z",
        "user": [
            "ben"
        ],
        "content_type": [
            "auditlog",
            "logentry"
        ],
        "object_id": "291",
        "object_repr": "Created PREPS TELEBARIA | PHRC -> CHU Lille",
        "action_flag": 3,
        "change_message": ""
    }
},
{
    "model": "admin.logentry",
    "pk": 88,
    "fields": {
        "action_time": "2022-11-02T17:54:43.157Z",
        "user": [
            "ben"
        ],
        "content_type": [
            "auditlog",
            "logentry"
        ],
        "object_id": "290",
        "object_repr": "Created PRECOS | PHRC -> CHU Lille/Fonctionnement - 2022-11-02",
        "action_flag": 3,
        "change_message": ""
    }
},
{
    "model": "admin.logentry",
    "pk": 89,
    "fields": {
        "action_time": "2022-11-02T17:54:43.160Z",
        "user": [
            "ben"
        ],
        "content_type": [
            "auditlog",
            "logentry"
        ],
        "object_id": "289",
        "object_repr": "Created Fund_Item object (92)",
        "action_flag": 3,
        "change_message": ""
    }
},
{
    "model": "admin.logentry",
    "pk": 90,
    "fields": {
        "action_time": "2022-11-02T17:54:43.164Z",
        "user": [
            "ben"
        ],
        "content_type": [
            "auditlog",
            "logentry"
        ],
        "object_id": "288",
        "object_repr": "Created PRECOS | PHRC -> CHU Lille",
        "action_flag": 3,
        "change_message": ""
    }
},
{
    "model": "admin.logentry",
    "pk": 91,
    "fields": {
        "action_time": "2022-11-02T17:54:43.167Z",
        "user": [
            "ben"
        ],
        "content_type": [
            "auditlog",
            "logentry"
        ],
        "object_id": "287",
        "object_repr": "Created PHRCN BIPASS | PHRC -> CHU Lille/Fonctionnement - 2022-11-02",
        "action_flag": 3,
        "change_message": ""
    }
},
{
    "model": "admin.logentry",
    "pk": 92,
    "fields": {
        "action_time": "2022-11-02T17:54:43.171Z",
        "user": [
            "ben"
        ],
        "content_type": [
            "auditlog",
            "logentry"
        ],
        "object_id": "286",
        "object_repr": "Created Fund_Item object (91)",
        "action_flag": 3,
        "change_message": ""
    }
},
{
    "model": "admin.logentry",
    "pk": 93,
    "fields": {
        "action_time": "2022-11-02T17:54:43.175Z",
        "user": [
            "ben"
        ],
        "content_type": [
            "auditlog",
            "logentry"
        ],
        "object_id": "285",
        "object_repr": "Created PHRCN BIPASS | PHRC -> CHU Lille",
        "action_flag": 3,
        "change_message": ""
    }
},
{
    "model": "admin.logentry",
    "pk": 94,
    "fields": {
        "action_time": "2022-11-02T17:54:43.180Z",
        "user": [
            "ben"
        ],
        "content_type": [
            "auditlog",
            "logentry"
        ],
        "object_id": "284",
        "object_repr": "Created PHRCK TPIAT-01 | PHRC -> CHU Lille/Fonctionnement - 2022-11-02",
        "action_flag": 3,
        "change_message": ""
    }
},
{
    "model": "admin.logentry",
    "pk": 95,
    "fields": {
        "action_time": "2022-11-02T17:54:43.183Z",
        "user": [
            "ben"
        ],
        "content_type": [
            "auditlog",
            "logentry"
        ],
        "object_id": "283",
        "object_repr": "Created Fund_Item object (90)",
        "action_flag": 3,
        "change_message": ""
    }
},
{
    "model": "admin.logentry",
    "pk": 96,
    "fields": {
        "action_time": "2022-11-02T17:54:43.188Z",
        "user": [
            "ben"
        ],
        "content_type": [
            "auditlog",
            "logentry"
        ],
        "object_id": "282",
        "object_repr": "Created PHRCK TPIAT-01 | PHRC -> CHU Lille",
        "action_flag": 3,
        "change_message": ""
    }
},
{
    "model": "admin.logentry",
    "pk": 97,
    "fields": {
        "action_time": "2022-11-02T17:54:43.191Z",
        "user": [
            "ben"
        ],
        "content_type": [
            "auditlog",
            "logentry"
        ],
        "object_id": "281",
        "object_repr": "Created PHRC-I PRECISurg | PHRC -> CHU Lille/Fonctionnement - 2022-11-02",
        "action_flag": 3,
        "change_message": ""
    }
},
{
    "model": "admin.logentry",
    "pk": 98,
    "fields": {
        "action_time": "2022-11-02T17:54:43.196Z",
        "user": [
            "ben"
        ],
        "content_type": [
            "auditlog",
            "logentry"
        ],
        "object_id": "280",
        "object_repr": "Created Fund_Item object (89)",
        "action_flag": 3,
        "change_message": ""
    }
},
{
    "model": "admin.logentry",
    "pk": 99,
    "fields": {
        "action_time": "2022-11-02T17:54:43.199Z",
        "user": [
            "ben"
        ],
        "content_type": [
            "auditlog",
            "logentry"
        ],
        "object_id": "279",
        "object_repr": "Created PHRC-I PRECISurg | PHRC -> CHU Lille",
        "action_flag": 3,
        "change_message": ""
    }
},
{
    "model": "admin.logentry",
    "pk": 100,
    "fields": {
        "action_time": "2022-11-02T17:54:43.203Z",
        "user": [
            "ben"
        ],
        "content_type": [
            "auditlog",
            "logentry"
        ],
        "object_id": "278",
        "object_repr": "Created PHRC SEXOB | PHRC -> CHU Lille/Fonctionnement - 2022-11-02",
        "action_flag": 3,
        "change_message": ""
    }
},
{
    "model": "admin.logentry",
    "pk": 101,
    "fields": {
        "action_time": "2022-11-02T17:54:43.206Z",
        "user": [
            "ben"
        ],
        "content_type": [
            "auditlog",
            "logentry"
        ],
        "object_id": "277",
        "object_repr": "Created Fund_Item object (88)",
        "action_flag": 3,
        "change_message": ""
    }
},
{
    "model": "admin.logentry",
    "pk": 102,
    "fields": {
        "action_time": "2022-11-02T17:54:43.210Z",
        "user": [
            "ben"
        ],
        "content_type": [
            "auditlog",
            "logentry"
        ],
        "object_id": "276",
        "object_repr": "Created PHRC SEXOB | PHRC -> CHU Lille",
        "action_flag": 3,
        "change_message": ""
    }
},
{
    "model": "admin.logentry",
    "pk": 103,
    "fields": {
        "action_time": "2022-11-02T17:54:43.213Z",
        "user": [
            "ben"
        ],
        "content_type": [
            "auditlog",
            "logentry"
        ],
        "object_id": "275",
        "object_repr": "Created PHRC DIABSURG | PHRC -> CHU Lille/Fonctionnement - 2022-11-02",
        "action_flag": 3,
        "change_message": ""
    }
},
{
    "model": "admin.logentry",
    "pk": 104,
    "fields": {
        "action_time": "2022-11-02T17:54:43.218Z",
        "user": [
            "ben"
        ],
        "content_type": [
            "auditlog",
            "logentry"
        ],
        "object_id": "274",
        "object_repr": "Created Fund_Item object (87)",
        "action_flag": 3,
        "change_message": ""
    }
},
{
    "model": "admin.logentry",
    "pk": 105,
    "fields": {
        "action_time": "2022-11-02T17:54:43.221Z",
        "user": [
            "ben"
        ],
        "content_type": [
            "auditlog",
            "logentry"
        ],
        "object_id": "273",
        "object_repr": "Created PHRC DIABSURG | PHRC -> CHU Lille",
        "action_flag": 3,
        "change_message": ""
    }
},
{
    "model": "admin.logentry",
    "pk": 106,
    "fields": {
        "action_time": "2022-11-02T17:54:43.225Z",
        "user": [
            "ben"
        ],
        "content_type": [
            "auditlog",
            "logentry"
        ],
        "object_id": "272",
        "object_repr": "Created PHRC AUTOLOG | PHRC -> CHU Lille/Fonctionnement - 2022-11-02",
        "action_flag": 3,
        "change_message": ""
    }
},
{
    "model": "admin.logentry",
    "pk": 107,
    "fields": {
        "action_time": "2022-11-02T17:54:43.228Z",
        "user": [
            "ben"
        ],
        "content_type": [
            "auditlog",
            "logentry"
        ],
        "object_id": "271",
        "object_repr": "Created Fund_Item object (86)",
        "action_flag": 3,
        "change_message": ""
    }
},
{
    "model": "admin.logentry",
    "pk": 108,
    "fields": {
        "action_time": "2022-11-02T17:54:43.231Z",
        "user": [
            "ben"
        ],
        "content_type": [
            "auditlog",
            "logentry"
        ],
        "object_id": "270",
        "object_repr": "Created PHRC AUTOLOG | PHRC -> CHU Lille",
        "action_flag": 3,
        "change_message": ""
    }
},
{
    "model": "admin.logentry",
    "pk": 109,
    "fields": {
        "action_time": "2022-11-02T17:54:43.235Z",
        "user": [
            "ben"
        ],
        "content_type": [
            "auditlog",
            "logentry"
        ],
        "object_id": "269",
        "object_repr": "Created PERSO-SURG | CHU Lille -> CHU Lille/Fonctionnement - 2022-11-02",
        "action_flag": 3,
        "change_message": ""
    }
},
{
    "model": "admin.logentry",
    "pk": 110,
    "fields": {
        "action_time": "2022-11-02T17:54:43.240Z",
        "user": [
            "ben"
        ],
        "content_type": [
            "auditlog",
            "logentry"
        ],
        "object_id": "268",
        "object_repr": "Created Fund_Item object (85)",
        "action_flag": 3,
        "change_message": ""
    }
},
{
    "model": "admin.logentry",
    "pk": 111,
    "fields": {
        "action_time": "2022-11-02T17:54:43.244Z",
        "user": [
            "ben"
        ],
        "content_type": [
            "auditlog",
            "logentry"
        ],
        "object_id": "267",
        "object_repr": "Created PERSO-SURG | CHU Lille -> CHU Lille",
        "action_flag": 3,
        "change_message": ""
    }
},
{
    "model": "admin.logentry",
    "pk": 112,
    "fields": {
        "action_time": "2022-11-02T17:54:43.248Z",
        "user": [
            "ben"
        ],
        "content_type": [
            "auditlog",
            "logentry"
        ],
        "object_id": "266",
        "object_repr": "Created Fund_Item object (84)",
        "action_flag": 3,
        "change_message": ""
    }
},
{
    "model": "admin.logentry",
    "pk": 113,
    "fields": {
        "action_time": "2022-11-02T17:54:43.252Z",
        "user": [
            "ben"
        ],
        "content_type": [
            "auditlog",
            "logentry"
        ],
        "object_id": "265",
        "object_repr": "Created MINIOB | CHU Lille -> CHU Lille",
        "action_flag": 3,
        "change_message": ""
    }
},
{
    "model": "admin.logentry",
    "pk": 114,
    "fields": {
        "action_time": "2022-11-02T17:54:43.256Z",
        "user": [
            "ben"
        ],
        "content_type": [
            "auditlog",
            "logentry"
        ],
        "object_id": "264",
        "object_repr": "Created I-SITE :Coeliocovid | I-Site -> CHU Lille/Fonctionnement - 2022-11-02",
        "action_flag": 3,
        "change_message": ""
    }
},
{
    "model": "admin.logentry",
    "pk": 115,
    "fields": {
        "action_time": "2022-11-02T17:54:43.261Z",
        "user": [
            "ben"
        ],
        "content_type": [
            "auditlog",
            "logentry"
        ],
        "object_id": "263",
        "object_repr": "Created Fund_Item object (83)",
        "action_flag": 3,
        "change_message": ""
    }
},
{
    "model": "admin.logentry",
    "pk": 116,
    "fields": {
        "action_time": "2022-11-02T17:54:43.264Z",
        "user": [
            "ben"
        ],
        "content_type": [
            "auditlog",
            "logentry"
        ],
        "object_id": "262",
        "object_repr": "Created I-SITE :Coeliocovid | I-Site -> CHU Lille",
        "action_flag": 3,
        "change_message": ""
    }
},
{
    "model": "admin.logentry",
    "pk": 117,
    "fields": {
        "action_time": "2022-11-02T17:54:43.268Z",
        "user": [
            "ben"
        ],
        "content_type": [
            "auditlog",
            "logentry"
        ],
        "object_id": "261",
        "object_repr": "Updated I-SITE :Coeliocovid",
        "action_flag": 3,
        "change_message": ""
    }
},
{
    "model": "admin.logentry",
    "pk": 118,
    "fields": {
        "action_time": "2022-11-02T17:54:43.272Z",
        "user": [
            "ben"
        ],
        "content_type": [
            "auditlog",
            "logentry"
        ],
        "object_id": "260",
        "object_repr": "Updated I-SITE :Coealiocovid",
        "action_flag": 3,
        "change_message": ""
    }
},
{
    "model": "admin.logentry",
    "pk": 119,
    "fields": {
        "action_time": "2022-11-02T17:54:43.275Z",
        "user": [
            "ben"
        ],
        "content_type": [
            "auditlog",
            "logentry"
        ],
        "object_id": "259",
        "object_repr": "Created Financement GIRCI  - AAP Aide à l'Emergence - METT | CHU Lille -> CHU Lille/Fonctionnement - 2022-11-02",
        "action_flag": 3,
        "change_message": ""
    }
},
{
    "model": "admin.logentry",
    "pk": 120,
    "fields": {
        "action_time": "2022-11-02T17:54:43.279Z",
        "user": [
            "ben"
        ],
        "content_type": [
            "auditlog",
            "logentry"
        ],
        "object_id": "258",
        "object_repr": "Created Fund_Item object (82)",
        "action_flag": 3,
        "change_message": ""
    }
},
{
    "model": "admin.logentry",
    "pk": 121,
    "fields": {
        "action_time": "2022-11-02T17:54:43.282Z",
        "user": [
            "ben"
        ],
        "content_type": [
            "auditlog",
            "logentry"
        ],
        "object_id": "257",
        "object_repr": "Created Financement GIRCI  - AAP Aide à l'Emergence - METT | CHU Lille -> CHU Lille",
        "action_flag": 3,
        "change_message": ""
    }
},
{
    "model": "admin.logentry",
    "pk": 122,
    "fields": {
        "action_time": "2022-11-02T17:54:43.286Z",
        "user": [
            "ben"
        ],
        "content_type": [
            "auditlog",
            "logentry"
        ],
        "object_id": "256",
        "object_repr": "Created Fund_Item object (81)",
        "action_flag": 3,
        "change_message": ""
    }
},
{
    "model": "admin.logentry",
    "pk": 123,
    "fields": {
        "action_time": "2022-11-02T17:54:43.290Z",
        "user": [
            "ben"
        ],
        "content_type": [
            "auditlog",
            "logentry"
        ],
        "object_id": "255",
        "object_repr": "Created Convention de collaboration - MEDTRONIC | MEDTronic -> CHU Lille",
        "action_flag": 3,
        "change_message": ""
    }
},
{
    "model": "admin.logentry",
    "pk": 124,
    "fields": {
        "action_time": "2022-11-02T17:54:43.294Z",
        "user": [
            "ben"
        ],
        "content_type": [
            "auditlog",
            "logentry"
        ],
        "object_id": "254",
        "object_repr": "Created Convention d’aide au projet B4H | CHU Lille -> CHU Lille/Fonctionnement - 2022-11-02",
        "action_flag": 3,
        "change_message": ""
    }
},
{
    "model": "admin.logentry",
    "pk": 125,
    "fields": {
        "action_time": "2022-11-02T17:54:43.298Z",
        "user": [
            "ben"
        ],
        "content_type": [
            "auditlog",
            "logentry"
        ],
        "object_id": "253",
        "object_repr": "Created Fund_Item object (80)",
        "action_flag": 3,
        "change_message": ""
    }
},
{
    "model": "admin.logentry",
    "pk": 126,
    "fields": {
        "action_time": "2022-11-02T17:54:43.302Z",
        "user": [
            "ben"
        ],
        "content_type": [
            "auditlog",
            "logentry"
        ],
        "object_id": "252",
        "object_repr": "Created Convention d’aide au projet B4H | CHU Lille -> CHU Lille",
        "action_flag": 3,
        "change_message": ""
    }
},
{
    "model": "admin.logentry",
    "pk": 127,
    "fields": {
        "action_time": "2022-11-02T17:54:43.306Z",
        "user": [
            "ben"
        ],
        "content_type": [
            "auditlog",
            "logentry"
        ],
        "object_id": "251",
        "object_repr": "Updated RHU PRECINASH | CNRS -> CHU Lille",
        "action_flag": 3,
        "change_message": ""
    }
},
{
    "model": "admin.logentry",
    "pk": 128,
    "fields": {
        "action_time": "2022-11-02T17:54:43.310Z",
        "user": [
            "ben"
        ],
        "content_type": [
            "auditlog",
            "logentry"
        ],
        "object_id": "250",
        "object_repr": "Created RHU PRECINASH | ANR -> CHU Lille/Fonctionnement - 2022-11-02",
        "action_flag": 3,
        "change_message": ""
    }
},
{
    "model": "admin.logentry",
    "pk": 129,
    "fields": {
        "action_time": "2022-11-02T17:54:43.313Z",
        "user": [
            "ben"
        ],
        "content_type": [
            "auditlog",
            "logentry"
        ],
        "object_id": "249",
        "object_repr": "Created Fund_Item object (79)",
        "action_flag": 3,
        "change_message": ""
    }
},
{
    "model": "admin.logentry",
    "pk": 130,
    "fields": {
        "action_time": "2022-11-02T17:54:43.317Z",
        "user": [
            "ben"
        ],
        "content_type": [
            "auditlog",
            "logentry"
        ],
        "object_id": "248",
        "object_repr": "Created RHU PRECINASH | ANR -> CHU Lille",
        "action_flag": 3,
        "change_message": ""
    }
},
{
    "model": "admin.logentry",
    "pk": 131,
    "fields": {
        "action_time": "2022-11-02T17:54:43.321Z",
        "user": [
            "ben"
        ],
        "content_type": [
            "auditlog",
            "logentry"
        ],
        "object_id": "247",
        "object_repr": "Updated Fund_Item object (78)",
        "action_flag": 3,
        "change_message": ""
    }
},
{
    "model": "admin.logentry",
    "pk": 132,
    "fields": {
        "action_time": "2022-11-02T17:54:43.324Z",
        "user": [
            "ben"
        ],
        "content_type": [
            "auditlog",
            "logentry"
        ],
        "object_id": "246",
        "object_repr": "Updated Abos | CHU Lille -> CHU Lille/Fonctionnement - 2022-11-02",
        "action_flag": 3,
        "change_message": ""
    }
},
{
    "model": "admin.logentry",
    "pk": 133,
    "fields": {
        "action_time": "2022-11-02T17:54:43.329Z",
        "user": [
            "ben"
        ],
        "content_type": [
            "auditlog",
            "logentry"
        ],
        "object_id": "245",
        "object_repr": "Created Abos | CHU Lille -> CHU Lille/Fonctionnement - 2022-11-02",
        "action_flag": 3,
        "change_message": ""
    }
},
{
    "model": "admin.logentry",
    "pk": 134,
    "fields": {
        "action_time": "2022-11-02T17:54:43.333Z",
        "user": [
            "ben"
        ],
        "content_type": [
            "auditlog",
            "logentry"
        ],
        "object_id": "244",
        "object_repr": "Created Fund_Item object (78)",
        "action_flag": 3,
        "change_message": ""
    }
},
{
    "model": "admin.logentry",
    "pk": 135,
    "fields": {
        "action_time": "2022-11-02T17:54:43.336Z",
        "user": [
            "ben"
        ],
        "content_type": [
            "auditlog",
            "logentry"
        ],
        "object_id": "243",
        "object_repr": "Created Abos | CHU Lille -> CHU Lille",
        "action_flag": 3,
        "change_message": ""
    }
},
{
    "model": "admin.logentry",
    "pk": 136,
    "fields": {
        "action_time": "2022-11-02T17:54:43.340Z",
        "user": [
            "ben"
        ],
        "content_type": [
            "auditlog",
            "logentry"
        ],
        "object_id": "242",
        "object_repr": "Created Contrat de collaboration - 2018/0530 | CHU Lille -> CHU Lille/Fonctionnement - 2022-11-02",
        "action_flag": 3,
        "change_message": ""
    }
},
{
    "model": "admin.logentry",
    "pk": 137,
    "fields": {
        "action_time": "2022-11-02T17:54:43.344Z",
        "user": [
            "ben"
        ],
        "content_type": [
            "auditlog",
            "logentry"
        ],
        "object_id": "241",
        "object_repr": "Created Fund_Item object (77)",
        "action_flag": 3,
        "change_message": ""
    }
},
{
    "model": "admin.logentry",
    "pk": 138,
    "fields": {
        "action_time": "2022-11-02T17:54:43.348Z",
        "user": [
            "ben"
        ],
        "content_type": [
            "auditlog",
            "logentry"
        ],
        "object_id": "240",
        "object_repr": "Created Contrat de collaboration - 2018/0530 | CHU Lille -> CHU Lille",
        "action_flag": 3,
        "change_message": ""
    }
},
{
    "model": "admin.logentry",
    "pk": 139,
    "fields": {
        "action_time": "2022-11-02T17:54:43.351Z",
        "user": [
            "ben"
        ],
        "content_type": [
            "auditlog",
            "logentry"
        ],
        "object_id": "239",
        "object_repr": "Created Compte d'attente Pr Pattou | CHU Lille -> CHU Lille/Fonctionnement - 2022-11-02",
        "action_flag": 3,
        "change_message": ""
    }
},
{
    "model": "admin.logentry",
    "pk": 140,
    "fields": {
        "action_time": "2022-11-02T17:54:43.355Z",
        "user": [
            "ben"
        ],
        "content_type": [
            "auditlog",
            "logentry"
        ],
        "object_id": "238",
        "object_repr": "Created Fund_Item object (76)",
        "action_flag": 3,
        "change_message": ""
    }
},
{
    "model": "admin.logentry",
    "pk": 141,
    "fields": {
        "action_time": "2022-11-02T17:54:43.359Z",
        "user": [
            "ben"
        ],
        "content_type": [
            "auditlog",
            "logentry"
        ],
        "object_id": "237",
        "object_repr": "Created Compte d'attente Pr Pattou | CHU Lille -> CHU Lille",
        "action_flag": 3,
        "change_message": ""
    }
},
{
    "model": "admin.logentry",
    "pk": 142,
    "fields": {
        "action_time": "2022-11-02T17:54:43.363Z",
        "user": [
            "ben"
        ],
        "content_type": [
            "auditlog",
            "logentry"
        ],
        "object_id": "236",
        "object_repr": "Created BETACURE | PHRC -> CHU Lille/Fonctionnement - 2022-11-02",
        "action_flag": 3,
        "change_message": ""
    }
},
{
    "model": "admin.logentry",
    "pk": 143,
    "fields": {
        "action_time": "2022-11-02T17:54:43.367Z",
        "user": [
            "ben"
        ],
        "content_type": [
            "auditlog",
            "logentry"
        ],
        "object_id": "235",
        "object_repr": "Created Fund_Item object (75)",
        "action_flag": 3,
        "change_message": ""
    }
},
{
    "model": "admin.logentry",
    "pk": 144,
    "fields": {
        "action_time": "2022-11-02T17:54:43.371Z",
        "user": [
            "ben"
        ],
        "content_type": [
            "auditlog",
            "logentry"
        ],
        "object_id": "234",
        "object_repr": "Created BETACURE | PHRC -> CHU Lille",
        "action_flag": 3,
        "change_message": ""
    }
},
{
    "model": "admin.logentry",
    "pk": 145,
    "fields": {
        "action_time": "2022-11-02T17:54:43.375Z",
        "user": [
            "ben"
        ],
        "content_type": [
            "auditlog",
            "logentry"
        ],
        "object_id": "233",
        "object_repr": "Created BETACURE | PHRC -> CHU Lille/Fonctionnement - 2022-11-02",
        "action_flag": 3,
        "change_message": ""
    }
},
{
    "model": "admin.logentry",
    "pk": 146,
    "fields": {
        "action_time": "2022-11-02T17:54:43.380Z",
        "user": [
            "ben"
        ],
        "content_type": [
            "auditlog",
            "logentry"
        ],
        "object_id": "232",
        "object_repr": "Created Fund_Item object (74)",
        "action_flag": 3,
        "change_message": ""
    }
},
{
    "model": "admin.logentry",
    "pk": 147,
    "fields": {
        "action_time": "2022-11-02T17:54:43.383Z",
        "user": [
            "ben"
        ],
        "content_type": [
            "auditlog",
            "logentry"
        ],
        "object_id": "231",
        "object_repr": "Created BETACURE | PHRC -> CHU Lille",
        "action_flag": 3,
        "change_message": ""
    }
},
{
    "model": "admin.logentry",
    "pk": 148,
    "fields": {
        "action_time": "2022-11-02T17:54:43.387Z",
        "user": [
            "ben"
        ],
        "content_type": [
            "auditlog",
            "logentry"
        ],
        "object_id": "230",
        "object_repr": "Created Abos | PHRC -> CHU Lille/Fonctionnement - 2022-11-02",
        "action_flag": 3,
        "change_message": ""
    }
},
{
    "model": "admin.logentry",
    "pk": 149,
    "fields": {
        "action_time": "2022-11-02T17:54:43.390Z",
        "user": [
            "ben"
        ],
        "content_type": [
            "auditlog",
            "logentry"
        ],
        "object_id": "229",
        "object_repr": "Created Fund_Item object (73)",
        "action_flag": 3,
        "change_message": ""
    }
},
{
    "model": "admin.logentry",
    "pk": 150,
    "fields": {
        "action_time": "2022-11-02T17:54:43.394Z",
        "user": [
            "ben"
        ],
        "content_type": [
            "auditlog",
            "logentry"
        ],
        "object_id": "228",
        "object_repr": "Created Abos | PHRC -> CHU Lille",
        "action_flag": 3,
        "change_message": ""
    }
},
{
    "model": "admin.logentry",
    "pk": 151,
    "fields": {
        "action_time": "2022-11-02T17:54:43.397Z",
        "user": [
            "ben"
        ],
        "content_type": [
            "auditlog",
            "logentry"
        ],
        "object_id": "227",
        "object_repr": "Deleted Contrat de collaboration de recherche ABOS",
        "action_flag": 3,
        "change_message": ""
    }
},
{
    "model": "admin.logentry",
    "pk": 152,
    "fields": {
        "action_time": "2022-11-02T17:54:43.401Z",
        "user": [
            "ben"
        ],
        "content_type": [
            "auditlog",
            "logentry"
        ],
        "object_id": "226",
        "object_repr": "Created Fund_Item object (72)",
        "action_flag": 3,
        "change_message": ""
    }
},
{
    "model": "admin.logentry",
    "pk": 153,
    "fields": {
        "action_time": "2022-11-02T17:54:50.169Z",
        "user": [
            "ben"
        ],
        "content_type": [
            "auditlog",
            "logentry"
        ],
        "object_id": "225",
        "object_repr": "Created AREM BOURSES U1277/U1190 | I-Site -> Inserm",
        "action_flag": 3,
        "change_message": ""
    }
},
{
    "model": "admin.logentry",
    "pk": 154,
    "fields": {
        "action_time": "2022-11-02T17:54:50.175Z",
        "user": [
            "ben"
        ],
        "content_type": [
            "auditlog",
            "logentry"
        ],
        "object_id": "224",
        "object_repr": "Created SFE H DUPUIS U1190 | SFE -> Inserm/Ressource Humaine CDD - 2022-11-02",
        "action_flag": 3,
        "change_message": ""
    }
},
{
    "model": "admin.logentry",
    "pk": 155,
    "fields": {
        "action_time": "2022-11-02T17:54:50.179Z",
        "user": [
            "ben"
        ],
        "content_type": [
            "auditlog",
            "logentry"
        ],
        "object_id": "223",
        "object_repr": "Created Fund_Item object (71)",
        "action_flag": 3,
        "change_message": ""
    }
},
{
    "model": "admin.logentry",
    "pk": 156,
    "fields": {
        "action_time": "2022-11-02T17:54:50.183Z",
        "user": [
            "ben"
        ],
        "content_type": [
            "auditlog",
            "logentry"
        ],
        "object_id": "222",
        "object_repr": "Created SFE H DUPUIS U1190 | SFE -> Inserm",
        "action_flag": 3,
        "change_message": ""
    }
},
{
    "model": "admin.logentry",
    "pk": 157,
    "fields": {
        "action_time": "2022-11-02T17:54:50.188Z",
        "user": [
            "ben"
        ],
        "content_type": [
            "auditlog",
            "logentry"
        ],
        "object_id": "221",
        "object_repr": "Created SFD - M. MAANAOUI U1190 | SFD -> Inserm/Fonctionnement - 2022-11-02",
        "action_flag": 3,
        "change_message": ""
    }
},
{
    "model": "admin.logentry",
    "pk": 158,
    "fields": {
        "action_time": "2022-11-02T17:54:50.192Z",
        "user": [
            "ben"
        ],
        "content_type": [
            "auditlog",
            "logentry"
        ],
        "object_id": "220",
        "object_repr": "Created Fund_Item object (70)",
        "action_flag": 3,
        "change_message": ""
    }
},
{
    "model": "admin.logentry",
    "pk": 159,
    "fields": {
        "action_time": "2022-11-02T17:54:50.196Z",
        "user": [
            "ben"
        ],
        "content_type": [
            "auditlog",
            "logentry"
        ],
        "object_id": "219",
        "object_repr": "Created SFD - M. MAANAOUI U1190 | SFD -> Inserm",
        "action_flag": 3,
        "change_message": ""
    }
},
{
    "model": "admin.logentry",
    "pk": 160,
    "fields": {
        "action_time": "2022-11-02T17:54:50.199Z",
        "user": [
            "ben"
        ],
        "content_type": [
            "auditlog",
            "logentry"
        ],
        "object_id": "218",
        "object_repr": "Created SENTINHEALTH F. PATTOU U1190 | SENTINHEAL -> Inserm/Frais de Gestion - 2022-11-02",
        "action_flag": 3,
        "change_message": ""
    }
},
{
    "model": "admin.logentry",
    "pk": 161,
    "fields": {
        "action_time": "2022-11-02T17:54:50.203Z",
        "user": [
            "ben"
        ],
        "content_type": [
            "auditlog",
            "logentry"
        ],
        "object_id": "217",
        "object_repr": "Created SENTINHEALTH F. PATTOU U1190 | SENTINHEAL -> Inserm/Fonctionnement - 2022-11-02",
        "action_flag": 3,
        "change_message": ""
    }
},
{
    "model": "admin.logentry",
    "pk": 162,
    "fields": {
        "action_time": "2022-11-02T17:54:50.207Z",
        "user": [
            "ben"
        ],
        "content_type": [
            "auditlog",
            "logentry"
        ],
        "object_id": "216",
        "object_repr": "Created Fund_Item object (69)",
        "action_flag": 3,
        "change_message": ""
    }
},
{
    "model": "admin.logentry",
    "pk": 163,
    "fields": {
        "action_time": "2022-11-02T17:54:50.211Z",
        "user": [
            "ben"
        ],
        "content_type": [
            "auditlog",
            "logentry"
        ],
        "object_id": "215",
        "object_repr": "Created Fund_Item object (68)",
        "action_flag": 3,
        "change_message": ""
    }
},
{
    "model": "admin.logentry",
    "pk": 164,
    "fields": {
        "action_time": "2022-11-02T17:54:50.215Z",
        "user": [
            "ben"
        ],
        "content_type": [
            "auditlog",
            "logentry"
        ],
        "object_id": "214",
        "object_repr": "Created SENTINHEALTH F. PATTOU U1190 | SENTINHEAL -> Inserm",
        "action_flag": 3,
        "change_message": ""
    }
},
{
    "model": "admin.logentry",
    "pk": 165,
    "fields": {
        "action_time": "2022-11-02T17:54:50.218Z",
        "user": [
            "ben"
        ],
        "content_type": [
            "auditlog",
            "logentry"
        ],
        "object_id": "213",
        "object_repr": "Created SANTELYS MC VANTYGHEM U1190 | SANTELYS -> Inserm/Ressource Humaine CDD - 2022-11-02",
        "action_flag": 3,
        "change_message": ""
    }
},
{
    "model": "admin.logentry",
    "pk": 166,
    "fields": {
        "action_time": "2022-11-02T17:54:50.222Z",
        "user": [
            "ben"
        ],
        "content_type": [
            "auditlog",
            "logentry"
        ],
        "object_id": "212",
        "object_repr": "Created SANTELYS MC VANTYGHEM U1190 | SANTELYS -> Inserm/Fonctionnement - 2022-11-02",
        "action_flag": 3,
        "change_message": ""
    }
},
{
    "model": "admin.logentry",
    "pk": 167,
    "fields": {
        "action_time": "2022-11-02T17:54:50.226Z",
        "user": [
            "ben"
        ],
        "content_type": [
            "auditlog",
            "logentry"
        ],
        "object_id": "211",
        "object_repr": "Created Fund_Item object (67)",
        "action_flag": 3,
        "change_message": ""
    }
},
{
    "model": "admin.logentry",
    "pk": 168,
    "fields": {
        "action_time": "2022-11-02T17:54:50.229Z",
        "user": [
            "ben"
        ],
        "content_type": [
            "auditlog",
            "logentry"
        ],
        "object_id": "210",
        "object_repr": "Created Fund_Item object (66)",
        "action_flag": 3,
        "change_message": ""
    }
},
{
    "model": "admin.logentry",
    "pk": 169,
    "fields": {
        "action_time": "2022-11-02T17:54:50.233Z",
        "user": [
            "ben"
        ],
        "content_type": [
            "auditlog",
            "logentry"
        ],
        "object_id": "209",
        "object_repr": "Created SANTELYS MC VANTYGHEM U1190 | SANTELYS -> Inserm",
        "action_flag": 3,
        "change_message": ""
    }
},
{
    "model": "admin.logentry",
    "pk": 170,
    "fields": {
        "action_time": "2022-11-02T17:54:50.237Z",
        "user": [
            "ben"
        ],
        "content_type": [
            "auditlog",
            "logentry"
        ],
        "object_id": "208",
        "object_repr": "Created RHU PRECINASH | ANR -> Inserm/Ressource Humaine CDD - 2022-11-02",
        "action_flag": 3,
        "change_message": ""
    }
},
{
    "model": "admin.logentry",
    "pk": 171,
    "fields": {
        "action_time": "2022-11-02T17:54:50.241Z",
        "user": [
            "ben"
        ],
        "content_type": [
            "auditlog",
            "logentry"
        ],
        "object_id": "207",
        "object_repr": "Created RHU PRECINASH | ANR -> Inserm/Mission - 2022-11-02",
        "action_flag": 3,
        "change_message": ""
    }
},
{
    "model": "admin.logentry",
    "pk": 172,
    "fields": {
        "action_time": "2022-11-02T17:54:50.245Z",
        "user": [
            "ben"
        ],
        "content_type": [
            "auditlog",
            "logentry"
        ],
        "object_id": "206",
        "object_repr": "Created RHU PRECINASH | ANR -> Inserm/Fonctionnement - 2022-11-02",
        "action_flag": 3,
        "change_message": ""
    }
},
{
    "model": "admin.logentry",
    "pk": 173,
    "fields": {
        "action_time": "2022-11-02T17:54:50.249Z",
        "user": [
            "ben"
        ],
        "content_type": [
            "auditlog",
            "logentry"
        ],
        "object_id": "205",
        "object_repr": "Created Fund_Item object (65)",
        "action_flag": 3,
        "change_message": ""
    }
},
{
    "model": "admin.logentry",
    "pk": 174,
    "fields": {
        "action_time": "2022-11-02T17:54:50.252Z",
        "user": [
            "ben"
        ],
        "content_type": [
            "auditlog",
            "logentry"
        ],
        "object_id": "204",
        "object_repr": "Created Fund_Item object (64)",
        "action_flag": 3,
        "change_message": ""
    }
},
{
    "model": "admin.logentry",
    "pk": 175,
    "fields": {
        "action_time": "2022-11-02T17:54:50.257Z",
        "user": [
            "ben"
        ],
        "content_type": [
            "auditlog",
            "logentry"
        ],
        "object_id": "203",
        "object_repr": "Created RHU PRECINASH | ANR -> Inserm/Frais de Gestion - 2022-11-02",
        "action_flag": 3,
        "change_message": ""
    }
},
{
    "model": "admin.logentry",
    "pk": 176,
    "fields": {
        "action_time": "2022-11-02T17:54:50.261Z",
        "user": [
            "ben"
        ],
        "content_type": [
            "auditlog",
            "logentry"
        ],
        "object_id": "202",
        "object_repr": "Created Fund_Item object (63)",
        "action_flag": 3,
        "change_message": ""
    }
},
{
    "model": "admin.logentry",
    "pk": 177,
    "fields": {
        "action_time": "2022-11-02T17:54:50.265Z",
        "user": [
            "ben"
        ],
        "content_type": [
            "auditlog",
            "logentry"
        ],
        "object_id": "201",
        "object_repr": "Created Fund_Item object (62)",
        "action_flag": 3,
        "change_message": ""
    }
},
{
    "model": "admin.logentry",
    "pk": 178,
    "fields": {
        "action_time": "2022-11-02T17:54:50.269Z",
        "user": [
            "ben"
        ],
        "content_type": [
            "auditlog",
            "logentry"
        ],
        "object_id": "200",
        "object_repr": "Created RHU PRECINASH | ANR -> Inserm",
        "action_flag": 3,
        "change_message": ""
    }
},
{
    "model": "admin.logentry",
    "pk": 179,
    "fields": {
        "action_time": "2022-11-02T17:54:50.273Z",
        "user": [
            "ben"
        ],
        "content_type": [
            "auditlog",
            "logentry"
        ],
        "object_id": "199",
        "object_repr": "Created MAASTRICHT UNIV. PATTOU U1190 | MAASTRICHT -> Inserm/Fonctionnement - 2022-11-02",
        "action_flag": 3,
        "change_message": ""
    }
},
{
    "model": "admin.logentry",
    "pk": 180,
    "fields": {
        "action_time": "2022-11-02T17:54:50.277Z",
        "user": [
            "ben"
        ],
        "content_type": [
            "auditlog",
            "logentry"
        ],
        "object_id": "198",
        "object_repr": "Created Fund_Item object (61)",
        "action_flag": 3,
        "change_message": ""
    }
},
{
    "model": "admin.logentry",
    "pk": 181,
    "fields": {
        "action_time": "2022-11-02T17:54:50.281Z",
        "user": [
            "ben"
        ],
        "content_type": [
            "auditlog",
            "logentry"
        ],
        "object_id": "197",
        "object_repr": "Created MAASTRICHT UNIV. PATTOU U1190 | MAASTRICHT -> Inserm",
        "action_flag": 3,
        "change_message": ""
    }
},
{
    "model": "admin.logentry",
    "pk": 182,
    "fields": {
        "action_time": "2022-11-02T17:54:50.284Z",
        "user": [
            "ben"
        ],
        "content_type": [
            "auditlog",
            "logentry"
        ],
        "object_id": "196",
        "object_repr": "Created I SITE CO TUTELLE THESE U1190 | I-Site -> Inserm/Ressource Humaine CDD - 2022-11-02",
        "action_flag": 3,
        "change_message": ""
    }
},
{
    "model": "admin.logentry",
    "pk": 183,
    "fields": {
        "action_time": "2022-11-02T17:54:50.288Z",
        "user": [
            "ben"
        ],
        "content_type": [
            "auditlog",
            "logentry"
        ],
        "object_id": "195",
        "object_repr": "Created I SITE CO TUTELLE THESE U1190 | I-Site -> Inserm/Frais de Gestion - 2022-11-02",
        "action_flag": 3,
        "change_message": ""
    }
},
{
    "model": "admin.logentry",
    "pk": 184,
    "fields": {
        "action_time": "2022-11-02T17:54:50.291Z",
        "user": [
            "ben"
        ],
        "content_type": [
            "auditlog",
            "logentry"
        ],
        "object_id": "194",
        "object_repr": "Created Fund_Item object (60)",
        "action_flag": 3,
        "change_message": ""
    }
},
{
    "model": "admin.logentry",
    "pk": 185,
    "fields": {
        "action_time": "2022-11-02T17:54:50.295Z",
        "user": [
            "ben"
        ],
        "content_type": [
            "auditlog",
            "logentry"
        ],
        "object_id": "193",
        "object_repr": "Created Fund_Item object (59)",
        "action_flag": 3,
        "change_message": ""
    }
},
{
    "model": "admin.logentry",
    "pk": 186,
    "fields": {
        "action_time": "2022-11-02T17:54:50.298Z",
        "user": [
            "ben"
        ],
        "content_type": [
            "auditlog",
            "logentry"
        ],
        "object_id": "192",
        "object_repr": "Created I SITE CO TUTELLE THESE U1190 | I-Site -> Inserm",
        "action_flag": 3,
        "change_message": ""
    }
},
{
    "model": "admin.logentry",
    "pk": 187,
    "fields": {
        "action_time": "2022-11-02T17:54:50.302Z",
        "user": [
            "ben"
        ],
        "content_type": [
            "auditlog",
            "logentry"
        ],
        "object_id": "191",
        "object_repr": "Created FRM F. PATTOU U1190 | FRM -> Inserm/Fonctionnement - 2022-11-02",
        "action_flag": 3,
        "change_message": ""
    }
},
{
    "model": "admin.logentry",
    "pk": 188,
    "fields": {
        "action_time": "2022-11-02T17:54:50.305Z",
        "user": [
            "ben"
        ],
        "content_type": [
            "auditlog",
            "logentry"
        ],
        "object_id": "190",
        "object_repr": "Created Fund_Item object (58)",
        "action_flag": 3,
        "change_message": ""
    }
},
{
    "model": "admin.logentry",
    "pk": 189,
    "fields": {
        "action_time": "2022-11-02T17:54:50.309Z",
        "user": [
            "ben"
        ],
        "content_type": [
            "auditlog",
            "logentry"
        ],
        "object_id": "189",
        "object_repr": "Created FRM F. PATTOU U1190 | FRM -> Inserm/Frais de Gestion - 2022-11-02",
        "action_flag": 3,
        "change_message": ""
    }
},
{
    "model": "admin.logentry",
    "pk": 190,
    "fields": {
        "action_time": "2022-11-02T17:54:50.313Z",
        "user": [
            "ben"
        ],
        "content_type": [
            "auditlog",
            "logentry"
        ],
        "object_id": "188",
        "object_repr": "Created Fund_Item object (57)",
        "action_flag": 3,
        "change_message": ""
    }
},
{
    "model": "admin.logentry",
    "pk": 191,
    "fields": {
        "action_time": "2022-11-02T17:54:50.318Z",
        "user": [
            "ben"
        ],
        "content_type": [
            "auditlog",
            "logentry"
        ],
        "object_id": "187",
        "object_repr": "Created Fund_Item object (56)",
        "action_flag": 3,
        "change_message": ""
    }
},
{
    "model": "admin.logentry",
    "pk": 192,
    "fields": {
        "action_time": "2022-11-02T17:54:50.323Z",
        "user": [
            "ben"
        ],
        "content_type": [
            "auditlog",
            "logentry"
        ],
        "object_id": "186",
        "object_repr": "Created FRM F. PATTOU U1190 | FRM -> Inserm",
        "action_flag": 3,
        "change_message": ""
    }
},
{
    "model": "admin.logentry",
    "pk": 193,
    "fields": {
        "action_time": "2022-11-02T17:54:50.327Z",
        "user": [
            "ben"
        ],
        "content_type": [
            "auditlog",
            "logentry"
        ],
        "object_id": "185",
        "object_repr": "Created FOND AVENIR M CHETBOUN U1190 | F_AVENIR -> Inserm/Ressource Humaine - 2022-11-02",
        "action_flag": 3,
        "change_message": ""
    }
},
{
    "model": "admin.logentry",
    "pk": 194,
    "fields": {
        "action_time": "2022-11-02T17:54:50.332Z",
        "user": [
            "ben"
        ],
        "content_type": [
            "auditlog",
            "logentry"
        ],
        "object_id": "184",
        "object_repr": "Created FOND AVENIR M CHETBOUN U1190 | F_AVENIR -> Inserm/Frais de Gestion - 2022-11-02",
        "action_flag": 3,
        "change_message": ""
    }
},
{
    "model": "admin.logentry",
    "pk": 195,
    "fields": {
        "action_time": "2022-11-02T17:54:50.336Z",
        "user": [
            "ben"
        ],
        "content_type": [
            "auditlog",
            "logentry"
        ],
        "object_id": "183",
        "object_repr": "Created Fund_Item object (55)",
        "action_flag": 3,
        "change_message": ""
    }
},
{
    "model": "admin.logentry",
    "pk": 196,
    "fields": {
        "action_time": "2022-11-02T17:54:50.340Z",
        "user": [
            "ben"
        ],
        "content_type": [
            "auditlog",
            "logentry"
        ],
        "object_id": "182",
        "object_repr": "Created Fund_Item object (54)",
        "action_flag": 3,
        "change_message": ""
    }
},
{
    "model": "admin.logentry",
    "pk": 197,
    "fields": {
        "action_time": "2022-11-02T17:54:50.345Z",
        "user": [
            "ben"
        ],
        "content_type": [
            "auditlog",
            "logentry"
        ],
        "object_id": "181",
        "object_repr": "Created FOND AVENIR M CHETBOUN U1190 | F_AVENIR -> Inserm",
        "action_flag": 3,
        "change_message": ""
    }
},
{
    "model": "admin.logentry",
    "pk": 198,
    "fields": {
        "action_time": "2022-11-02T17:54:50.349Z",
        "user": [
            "ben"
        ],
        "content_type": [
            "auditlog",
            "logentry"
        ],
        "object_id": "180",
        "object_repr": "Created FCA 2015 F PATTOU U1190 | ULille -> Inserm/Reversement - 2022-11-02",
        "action_flag": 3,
        "change_message": ""
    }
},
{
    "model": "admin.logentry",
    "pk": 199,
    "fields": {
        "action_time": "2022-11-02T17:54:50.353Z",
        "user": [
            "ben"
        ],
        "content_type": [
            "auditlog",
            "logentry"
        ],
        "object_id": "179",
        "object_repr": "Created FCA 2015 F PATTOU U1190 | ULille -> Inserm/Mission - 2022-11-02",
        "action_flag": 3,
        "change_message": ""
    }
},
{
    "model": "admin.logentry",
    "pk": 200,
    "fields": {
        "action_time": "2022-11-02T17:54:50.357Z",
        "user": [
            "ben"
        ],
        "content_type": [
            "auditlog",
            "logentry"
        ],
        "object_id": "178",
        "object_repr": "Created FCA 2015 F PATTOU U1190 | ULille -> Inserm/Fonctionnement - 2022-11-02",
        "action_flag": 3,
        "change_message": ""
    }
},
{
    "model": "admin.logentry",
    "pk": 201,
    "fields": {
        "action_time": "2022-11-02T17:54:50.361Z",
        "user": [
            "ben"
        ],
        "content_type": [
            "auditlog",
            "logentry"
        ],
        "object_id": "177",
        "object_repr": "Created Fund_Item object (53)",
        "action_flag": 3,
        "change_message": ""
    }
},
{
    "model": "admin.logentry",
    "pk": 202,
    "fields": {
        "action_time": "2022-11-02T17:54:50.364Z",
        "user": [
            "ben"
        ],
        "content_type": [
            "auditlog",
            "logentry"
        ],
        "object_id": "176",
        "object_repr": "Created Fund_Item object (52)",
        "action_flag": 3,
        "change_message": ""
    }
},
{
    "model": "admin.logentry",
    "pk": 203,
    "fields": {
        "action_time": "2022-11-02T17:54:50.368Z",
        "user": [
            "ben"
        ],
        "content_type": [
            "auditlog",
            "logentry"
        ],
        "object_id": "175",
        "object_repr": "Created Fund_Item object (51)",
        "action_flag": 3,
        "change_message": ""
    }
},
{
    "model": "admin.logentry",
    "pk": 204,
    "fields": {
        "action_time": "2022-11-02T17:54:50.372Z",
        "user": [
            "ben"
        ],
        "content_type": [
            "auditlog",
            "logentry"
        ],
        "object_id": "174",
        "object_repr": "Created FCA 2015 F PATTOU U1190 | ULille -> Inserm",
        "action_flag": 3,
        "change_message": ""
    }
},
{
    "model": "admin.logentry",
    "pk": 205,
    "fields": {
        "action_time": "2022-11-02T17:54:50.376Z",
        "user": [
            "ben"
        ],
        "content_type": [
            "auditlog",
            "logentry"
        ],
        "object_id": "173",
        "object_repr": "Created EGID BIOTECH Feder U1190 | Region HDF -> Inserm/Ressource Humaine CDD - 2022-11-02",
        "action_flag": 3,
        "change_message": ""
    }
},
{
    "model": "admin.logentry",
    "pk": 206,
    "fields": {
        "action_time": "2022-11-02T17:54:50.379Z",
        "user": [
            "ben"
        ],
        "content_type": [
            "auditlog",
            "logentry"
        ],
        "object_id": "172",
        "object_repr": "Created EGID BIOTECH Feder U1190 | Region HDF -> Inserm/Fonctionnement - 2022-11-02",
        "action_flag": 3,
        "change_message": ""
    }
},
{
    "model": "admin.logentry",
    "pk": 207,
    "fields": {
        "action_time": "2022-11-02T17:54:50.383Z",
        "user": [
            "ben"
        ],
        "content_type": [
            "auditlog",
            "logentry"
        ],
        "object_id": "171",
        "object_repr": "Created EGID BIOTECH Feder U1190 | Region HDF -> Inserm/Equipement - 2022-11-02",
        "action_flag": 3,
        "change_message": ""
    }
},
{
    "model": "admin.logentry",
    "pk": 208,
    "fields": {
        "action_time": "2022-11-02T17:54:50.387Z",
        "user": [
            "ben"
        ],
        "content_type": [
            "auditlog",
            "logentry"
        ],
        "object_id": "170",
        "object_repr": "Created Fund_Item object (50)",
        "action_flag": 3,
        "change_message": ""
    }
},
{
    "model": "admin.logentry",
    "pk": 209,
    "fields": {
        "action_time": "2022-11-02T17:54:50.390Z",
        "user": [
            "ben"
        ],
        "content_type": [
            "auditlog",
            "logentry"
        ],
        "object_id": "169",
        "object_repr": "Created Fund_Item object (49)",
        "action_flag": 3,
        "change_message": ""
    }
},
{
    "model": "admin.logentry",
    "pk": 210,
    "fields": {
        "action_time": "2022-11-02T17:54:50.394Z",
        "user": [
            "ben"
        ],
        "content_type": [
            "auditlog",
            "logentry"
        ],
        "object_id": "168",
        "object_repr": "Created Fund_Item object (48)",
        "action_flag": 3,
        "change_message": ""
    }
},
{
    "model": "admin.logentry",
    "pk": 211,
    "fields": {
        "action_time": "2022-11-02T17:54:50.398Z",
        "user": [
            "ben"
        ],
        "content_type": [
            "auditlog",
            "logentry"
        ],
        "object_id": "167",
        "object_repr": "Created EGID BIOTECH Feder U1190 | Region HDF -> Inserm",
        "action_flag": 3,
        "change_message": ""
    }
},
{
    "model": "admin.logentry",
    "pk": 212,
    "fields": {
        "action_time": "2022-11-02T17:54:50.402Z",
        "user": [
            "ben"
        ],
        "content_type": [
            "auditlog",
            "logentry"
        ],
        "object_id": "166",
        "object_repr": "Created EFSD 2021 SAPONARO U1190 | EFSD -> Inserm/Fonctionnement - 2022-11-02",
        "action_flag": 3,
        "change_message": ""
    }
},
{
    "model": "admin.logentry",
    "pk": 213,
    "fields": {
        "action_time": "2022-11-02T17:54:50.406Z",
        "user": [
            "ben"
        ],
        "content_type": [
            "auditlog",
            "logentry"
        ],
        "object_id": "165",
        "object_repr": "Created Fund_Item object (47)",
        "action_flag": 3,
        "change_message": ""
    }
},
{
    "model": "admin.logentry",
    "pk": 214,
    "fields": {
        "action_time": "2022-11-02T17:54:50.410Z",
        "user": [
            "ben"
        ],
        "content_type": [
            "auditlog",
            "logentry"
        ],
        "object_id": "164",
        "object_repr": "Created EFSD 2021 SAPONARO U1190 | EFSD -> Inserm/Frais de Gestion - 2022-11-02",
        "action_flag": 3,
        "change_message": ""
    }
},
{
    "model": "admin.logentry",
    "pk": 215,
    "fields": {
        "action_time": "2022-11-02T17:54:50.414Z",
        "user": [
            "ben"
        ],
        "content_type": [
            "auditlog",
            "logentry"
        ],
        "object_id": "163",
        "object_repr": "Created Fund_Item object (46)",
        "action_flag": 3,
        "change_message": ""
    }
},
{
    "model": "admin.logentry",
    "pk": 216,
    "fields": {
        "action_time": "2022-11-02T17:54:50.418Z",
        "user": [
            "ben"
        ],
        "content_type": [
            "auditlog",
            "logentry"
        ],
        "object_id": "162",
        "object_repr": "Created Fund_Item object (45)",
        "action_flag": 3,
        "change_message": ""
    }
},
{
    "model": "admin.logentry",
    "pk": 217,
    "fields": {
        "action_time": "2022-11-02T17:54:50.425Z",
        "user": [
            "ben"
        ],
        "content_type": [
            "auditlog",
            "logentry"
        ],
        "object_id": "161",
        "object_repr": "Created EFSD 2021 SAPONARO U1190 | EFSD -> Inserm",
        "action_flag": 3,
        "change_message": ""
    }
},
{
    "model": "admin.logentry",
    "pk": 218,
    "fields": {
        "action_time": "2022-11-02T17:54:50.429Z",
        "user": [
            "ben"
        ],
        "content_type": [
            "auditlog",
            "logentry"
        ],
        "object_id": "160",
        "object_repr": "Created DiogenX - F.PATTOU - U1190 | DiogenX -> Inserm/Ressource Humaine - 2022-11-02",
        "action_flag": 3,
        "change_message": ""
    }
},
{
    "model": "admin.logentry",
    "pk": 219,
    "fields": {
        "action_time": "2022-11-02T17:54:50.433Z",
        "user": [
            "ben"
        ],
        "content_type": [
            "auditlog",
            "logentry"
        ],
        "object_id": "159",
        "object_repr": "Created DiogenX - F.PATTOU - U1190 | DiogenX -> Inserm/Fonctionnement - 2022-11-02",
        "action_flag": 3,
        "change_message": ""
    }
},
{
    "model": "admin.logentry",
    "pk": 220,
    "fields": {
        "action_time": "2022-11-02T17:54:50.437Z",
        "user": [
            "ben"
        ],
        "content_type": [
            "auditlog",
            "logentry"
        ],
        "object_id": "158",
        "object_repr": "Created DiogenX - F.PATTOU - U1190 | DiogenX -> Inserm/Equipement - 2022-11-02",
        "action_flag": 3,
        "change_message": ""
    }
},
{
    "model": "admin.logentry",
    "pk": 221,
    "fields": {
        "action_time": "2022-11-02T17:54:50.441Z",
        "user": [
            "ben"
        ],
        "content_type": [
            "auditlog",
            "logentry"
        ],
        "object_id": "157",
        "object_repr": "Created Fund_Item object (44)",
        "action_flag": 3,
        "change_message": ""
    }
},
{
    "model": "admin.logentry",
    "pk": 222,
    "fields": {
        "action_time": "2022-11-02T17:54:50.445Z",
        "user": [
            "ben"
        ],
        "content_type": [
            "auditlog",
            "logentry"
        ],
        "object_id": "156",
        "object_repr": "Created DiogenX - F.PATTOU - U1190 | DiogenX -> Inserm/Frais de Gestion - 2022-11-02",
        "action_flag": 3,
        "change_message": ""
    }
},
{
    "model": "admin.logentry",
    "pk": 223,
    "fields": {
        "action_time": "2022-11-02T17:54:50.449Z",
        "user": [
            "ben"
        ],
        "content_type": [
            "auditlog",
            "logentry"
        ],
        "object_id": "155",
        "object_repr": "Created Fund_Item object (43)",
        "action_flag": 3,
        "change_message": ""
    }
},
{
    "model": "admin.logentry",
    "pk": 224,
    "fields": {
        "action_time": "2022-11-02T17:54:50.452Z",
        "user": [
            "ben"
        ],
        "content_type": [
            "auditlog",
            "logentry"
        ],
        "object_id": "154",
        "object_repr": "Created Fund_Item object (42)",
        "action_flag": 3,
        "change_message": ""
    }
},
{
    "model": "admin.logentry",
    "pk": 225,
    "fields": {
        "action_time": "2022-11-02T17:54:50.456Z",
        "user": [
            "ben"
        ],
        "content_type": [
            "auditlog",
            "logentry"
        ],
        "object_id": "153",
        "object_repr": "Created Fund_Item object (41)",
        "action_flag": 3,
        "change_message": ""
    }
},
{
    "model": "admin.logentry",
    "pk": 226,
    "fields": {
        "action_time": "2022-11-02T17:54:50.460Z",
        "user": [
            "ben"
        ],
        "content_type": [
            "auditlog",
            "logentry"
        ],
        "object_id": "152",
        "object_repr": "Created DiogenX - F.PATTOU - U1190 | DiogenX -> Inserm",
        "action_flag": 3,
        "change_message": ""
    }
},
{
    "model": "admin.logentry",
    "pk": 227,
    "fields": {
        "action_time": "2022-11-02T17:54:50.464Z",
        "user": [
            "ben"
        ],
        "content_type": [
            "auditlog",
            "logentry"
        ],
        "object_id": "151",
        "object_repr": "Created BIOXODES - V. GMYR - U1190 | Bioxodes -> Inserm/Ressource Humaine - 2022-11-02",
        "action_flag": 3,
        "change_message": ""
    }
},
{
    "model": "admin.logentry",
    "pk": 228,
    "fields": {
        "action_time": "2022-11-02T17:54:50.468Z",
        "user": [
            "ben"
        ],
        "content_type": [
            "auditlog",
            "logentry"
        ],
        "object_id": "150",
        "object_repr": "Created BIOXODES - V. GMYR - U1190 | Bioxodes -> Inserm/Fonctionnement - 2022-11-02",
        "action_flag": 3,
        "change_message": ""
    }
},
{
    "model": "admin.logentry",
    "pk": 229,
    "fields": {
        "action_time": "2022-11-02T17:54:50.473Z",
        "user": [
            "ben"
        ],
        "content_type": [
            "auditlog",
            "logentry"
        ],
        "object_id": "149",
        "object_repr": "Created BIOXODES - V. GMYR - U1190 | Bioxodes -> Inserm/Equipement - 2022-11-02",
        "action_flag": 3,
        "change_message": ""
    }
},
{
    "model": "admin.logentry",
    "pk": 230,
    "fields": {
        "action_time": "2022-11-02T17:54:50.476Z",
        "user": [
            "ben"
        ],
        "content_type": [
            "auditlog",
            "logentry"
        ],
        "object_id": "148",
        "object_repr": "Created Fund_Item object (40)",
        "action_flag": 3,
        "change_message": ""
    }
},
{
    "model": "admin.logentry",
    "pk": 231,
    "fields": {
        "action_time": "2022-11-02T17:54:50.480Z",
        "user": [
            "ben"
        ],
        "content_type": [
            "auditlog",
            "logentry"
        ],
        "object_id": "147",
        "object_repr": "Created BIOXODES - V. GMYR - U1190 | Bioxodes -> Inserm/Frais de Gestion - 2022-11-02",
        "action_flag": 3,
        "change_message": ""
    }
},
{
    "model": "admin.logentry",
    "pk": 232,
    "fields": {
        "action_time": "2022-11-02T17:54:50.484Z",
        "user": [
            "ben"
        ],
        "content_type": [
            "auditlog",
            "logentry"
        ],
        "object_id": "146",
        "object_repr": "Created Fund_Item object (39)",
        "action_flag": 3,
        "change_message": ""
    }
},
{
    "model": "admin.logentry",
    "pk": 233,
    "fields": {
        "action_time": "2022-11-02T17:54:50.487Z",
        "user": [
            "ben"
        ],
        "content_type": [
            "auditlog",
            "logentry"
        ],
        "object_id": "145",
        "object_repr": "Created Fund_Item object (38)",
        "action_flag": 3,
        "change_message": ""
    }
},
{
    "model": "admin.logentry",
    "pk": 234,
    "fields": {
        "action_time": "2022-11-02T17:54:50.491Z",
        "user": [
            "ben"
        ],
        "content_type": [
            "auditlog",
            "logentry"
        ],
        "object_id": "144",
        "object_repr": "Created Fund_Item object (37)",
        "action_flag": 3,
        "change_message": ""
    }
},
{
    "model": "admin.logentry",
    "pk": 235,
    "fields": {
        "action_time": "2022-11-02T17:54:50.495Z",
        "user": [
            "ben"
        ],
        "content_type": [
            "auditlog",
            "logentry"
        ],
        "object_id": "143",
        "object_repr": "Created BIOXODES - V. GMYR - U1190 | Bioxodes -> Inserm",
        "action_flag": 3,
        "change_message": ""
    }
},
{
    "model": "admin.logentry",
    "pk": 236,
    "fields": {
        "action_time": "2022-11-02T17:54:50.499Z",
        "user": [
            "ben"
        ],
        "content_type": [
            "auditlog",
            "logentry"
        ],
        "object_id": "142",
        "object_repr": "Created ASTRA_ZENECA_1190_PATTOU_J | AstraZ -> Inserm/Ressource Humaine CDD - 2022-11-02",
        "action_flag": 3,
        "change_message": ""
    }
},
{
    "model": "admin.logentry",
    "pk": 237,
    "fields": {
        "action_time": "2022-11-02T17:54:50.503Z",
        "user": [
            "ben"
        ],
        "content_type": [
            "auditlog",
            "logentry"
        ],
        "object_id": "141",
        "object_repr": "Created ASTRA_ZENECA_1190_PATTOU_J | AstraZ -> Inserm/Fonctionnement - 2022-11-02",
        "action_flag": 3,
        "change_message": ""
    }
},
{
    "model": "admin.logentry",
    "pk": 238,
    "fields": {
        "action_time": "2022-11-02T17:54:50.507Z",
        "user": [
            "ben"
        ],
        "content_type": [
            "auditlog",
            "logentry"
        ],
        "object_id": "140",
        "object_repr": "Created Fund_Item object (36)",
        "action_flag": 3,
        "change_message": ""
    }
},
{
    "model": "admin.logentry",
    "pk": 239,
    "fields": {
        "action_time": "2022-11-02T17:54:50.510Z",
        "user": [
            "ben"
        ],
        "content_type": [
            "auditlog",
            "logentry"
        ],
        "object_id": "139",
        "object_repr": "Created ASTRA_ZENECA_1190_PATTOU_J | AstraZ -> Inserm/Frais de Gestion - 2022-11-02",
        "action_flag": 3,
        "change_message": ""
    }
},
{
    "model": "admin.logentry",
    "pk": 240,
    "fields": {
        "action_time": "2022-11-02T17:54:50.514Z",
        "user": [
            "ben"
        ],
        "content_type": [
            "auditlog",
            "logentry"
        ],
        "object_id": "138",
        "object_repr": "Created Fund_Item object (35)",
        "action_flag": 3,
        "change_message": ""
    }
},
{
    "model": "admin.logentry",
    "pk": 241,
    "fields": {
        "action_time": "2022-11-02T17:54:50.518Z",
        "user": [
            "ben"
        ],
        "content_type": [
            "auditlog",
            "logentry"
        ],
        "object_id": "137",
        "object_repr": "Created Fund_Item object (34)",
        "action_flag": 3,
        "change_message": ""
    }
},
{
    "model": "admin.logentry",
    "pk": 242,
    "fields": {
        "action_time": "2022-11-02T17:54:50.522Z",
        "user": [
            "ben"
        ],
        "content_type": [
            "auditlog",
            "logentry"
        ],
        "object_id": "136",
        "object_repr": "Created ASTRA_ZENECA_1190_PATTOU_J | AstraZ -> Inserm",
        "action_flag": 3,
        "change_message": ""
    }
},
{
    "model": "admin.logentry",
    "pk": 243,
    "fields": {
        "action_time": "2022-11-02T17:54:50.526Z",
        "user": [
            "ben"
        ],
        "content_type": [
            "auditlog",
            "logentry"
        ],
        "object_id": "135",
        "object_repr": "Created ARD MC VANTYGHEM U859 | ARD -> Inserm/Ressource Humaine CDD - 2022-11-02",
        "action_flag": 3,
        "change_message": ""
    }
},
{
    "model": "admin.logentry",
    "pk": 244,
    "fields": {
        "action_time": "2022-11-02T17:54:50.530Z",
        "user": [
            "ben"
        ],
        "content_type": [
            "auditlog",
            "logentry"
        ],
        "object_id": "134",
        "object_repr": "Created ARD MC VANTYGHEM U859 | ARD -> Inserm/Fonctionnement - 2022-11-02",
        "action_flag": 3,
        "change_message": ""
    }
},
{
    "model": "admin.logentry",
    "pk": 245,
    "fields": {
        "action_time": "2022-11-02T17:54:50.534Z",
        "user": [
            "ben"
        ],
        "content_type": [
            "auditlog",
            "logentry"
        ],
        "object_id": "133",
        "object_repr": "Created Fund_Item object (33)",
        "action_flag": 3,
        "change_message": ""
    }
},
{
    "model": "admin.logentry",
    "pk": 246,
    "fields": {
        "action_time": "2022-11-02T17:54:50.538Z",
        "user": [
            "ben"
        ],
        "content_type": [
            "auditlog",
            "logentry"
        ],
        "object_id": "132",
        "object_repr": "Created Fund_Item object (32)",
        "action_flag": 3,
        "change_message": ""
    }
},
{
    "model": "admin.logentry",
    "pk": 247,
    "fields": {
        "action_time": "2022-11-02T17:54:50.541Z",
        "user": [
            "ben"
        ],
        "content_type": [
            "auditlog",
            "logentry"
        ],
        "object_id": "131",
        "object_repr": "Created ARD MC VANTYGHEM U859 | ARD -> Inserm",
        "action_flag": 3,
        "change_message": ""
    }
},
{
    "model": "admin.logentry",
    "pk": 248,
    "fields": {
        "action_time": "2022-11-02T17:54:50.545Z",
        "user": [
            "ben"
        ],
        "content_type": [
            "auditlog",
            "logentry"
        ],
        "object_id": "130",
        "object_repr": "Created ARD 2017 VANTHYGEM U1190 | ARD -> Inserm/Ressource Humaine CDD - 2022-11-02",
        "action_flag": 3,
        "change_message": ""
    }
},
{
    "model": "admin.logentry",
    "pk": 249,
    "fields": {
        "action_time": "2022-11-02T17:54:50.548Z",
        "user": [
            "ben"
        ],
        "content_type": [
            "auditlog",
            "logentry"
        ],
        "object_id": "129",
        "object_repr": "Created ARD 2017 VANTHYGEM U1190 | ARD -> Inserm/Fonctionnement - 2022-11-02",
        "action_flag": 3,
        "change_message": ""
    }
},
{
    "model": "admin.logentry",
    "pk": 250,
    "fields": {
        "action_time": "2022-11-02T17:54:50.552Z",
        "user": [
            "ben"
        ],
        "content_type": [
            "auditlog",
            "logentry"
        ],
        "object_id": "128",
        "object_repr": "Created Fund_Item object (31)",
        "action_flag": 3,
        "change_message": ""
    }
},
{
    "model": "admin.logentry",
    "pk": 251,
    "fields": {
        "action_time": "2022-11-02T17:54:50.556Z",
        "user": [
            "ben"
        ],
        "content_type": [
            "auditlog",
            "logentry"
        ],
        "object_id": "127",
        "object_repr": "Created Fund_Item object (30)",
        "action_flag": 3,
        "change_message": ""
    }
},
{
    "model": "admin.logentry",
    "pk": 252,
    "fields": {
        "action_time": "2022-11-02T17:54:50.560Z",
        "user": [
            "ben"
        ],
        "content_type": [
            "auditlog",
            "logentry"
        ],
        "object_id": "126",
        "object_repr": "Created ARD 2017 VANTHYGEM U1190 | ARD -> Inserm",
        "action_flag": 3,
        "change_message": ""
    }
},
{
    "model": "admin.logentry",
    "pk": 253,
    "fields": {
        "action_time": "2022-11-02T17:55:02.391Z",
        "user": [
            "ben"
        ],
        "content_type": [
            "auditlog",
            "logentry"
        ],
        "object_id": "125",
        "object_repr": "Created ANR MIGAD - F. PATTOU - U1190 | ANR -> Inserm/Frais de Gestion - 2022-11-02",
        "action_flag": 3,
        "change_message": ""
    }
},
{
    "model": "admin.logentry",
    "pk": 254,
    "fields": {
        "action_time": "2022-11-02T17:55:02.398Z",
        "user": [
            "ben"
        ],
        "content_type": [
            "auditlog",
            "logentry"
        ],
        "object_id": "124",
        "object_repr": "Created Fund_Item object (29)",
        "action_flag": 3,
        "change_message": ""
    }
},
{
    "model": "admin.logentry",
    "pk": 255,
    "fields": {
        "action_time": "2022-11-02T17:55:02.403Z",
        "user": [
            "ben"
        ],
        "content_type": [
            "auditlog",
            "logentry"
        ],
        "object_id": "123",
        "object_repr": "Created Fund_Item object (28)",
        "action_flag": 3,
        "change_message": ""
    }
},
{
    "model": "admin.logentry",
    "pk": 256,
    "fields": {
        "action_time": "2022-11-02T17:55:02.408Z",
        "user": [
            "ben"
        ],
        "content_type": [
            "auditlog",
            "logentry"
        ],
        "object_id": "122",
        "object_repr": "Created Fund_Item object (27)",
        "action_flag": 3,
        "change_message": ""
    }
},
{
    "model": "admin.logentry",
    "pk": 257,
    "fields": {
        "action_time": "2022-11-02T17:55:02.413Z",
        "user": [
            "ben"
        ],
        "content_type": [
            "auditlog",
            "logentry"
        ],
        "object_id": "121",
        "object_repr": "Created Fund_Item object (26)",
        "action_flag": 3,
        "change_message": ""
    }
},
{
    "model": "admin.logentry",
    "pk": 258,
    "fields": {
        "action_time": "2022-11-02T17:55:02.419Z",
        "user": [
            "ben"
        ],
        "content_type": [
            "auditlog",
            "logentry"
        ],
        "object_id": "120",
        "object_repr": "Created ANR MIGAD - F. PATTOU - U1190 | ANR -> Inserm",
        "action_flag": 3,
        "change_message": ""
    }
},
{
    "model": "admin.logentry",
    "pk": 259,
    "fields": {
        "action_time": "2022-11-02T17:55:02.424Z",
        "user": [
            "ben"
        ],
        "content_type": [
            "auditlog",
            "logentry"
        ],
        "object_id": "119",
        "object_repr": "Created ANR MET-INTESTIN PATTOU U1190 | ANR -> Inserm/Ressource Humaine CDD - 2022-11-02",
        "action_flag": 3,
        "change_message": ""
    }
},
{
    "model": "admin.logentry",
    "pk": 260,
    "fields": {
        "action_time": "2022-11-02T17:55:02.429Z",
        "user": [
            "ben"
        ],
        "content_type": [
            "auditlog",
            "logentry"
        ],
        "object_id": "118",
        "object_repr": "Created ANR MET-INTESTIN PATTOU U1190 | ANR -> Inserm/Prestation - 2022-11-02",
        "action_flag": 3,
        "change_message": ""
    }
},
{
    "model": "admin.logentry",
    "pk": 261,
    "fields": {
        "action_time": "2022-11-02T17:55:02.435Z",
        "user": [
            "ben"
        ],
        "content_type": [
            "auditlog",
            "logentry"
        ],
        "object_id": "117",
        "object_repr": "Created ANR MET-INTESTIN PATTOU U1190 | ANR -> Inserm/Mission - 2022-11-02",
        "action_flag": 3,
        "change_message": ""
    }
},
{
    "model": "admin.logentry",
    "pk": 262,
    "fields": {
        "action_time": "2022-11-02T17:55:02.440Z",
        "user": [
            "ben"
        ],
        "content_type": [
            "auditlog",
            "logentry"
        ],
        "object_id": "116",
        "object_repr": "Created ANR MET-INTESTIN PATTOU U1190 | ANR -> Inserm/Frais de Gestion - 2022-11-02",
        "action_flag": 3,
        "change_message": ""
    }
},
{
    "model": "admin.logentry",
    "pk": 263,
    "fields": {
        "action_time": "2022-11-02T17:55:02.445Z",
        "user": [
            "ben"
        ],
        "content_type": [
            "auditlog",
            "logentry"
        ],
        "object_id": "115",
        "object_repr": "Created ANR MET-INTESTIN PATTOU U1190 | ANR -> Inserm/Fonctionnement - 2022-11-02",
        "action_flag": 3,
        "change_message": ""
    }
},
{
    "model": "admin.logentry",
    "pk": 264,
    "fields": {
        "action_time": "2022-11-02T17:55:02.450Z",
        "user": [
            "ben"
        ],
        "content_type": [
            "auditlog",
            "logentry"
        ],
        "object_id": "114",
        "object_repr": "Created Fund_Item object (25)",
        "action_flag": 3,
        "change_message": ""
    }
},
{
    "model": "admin.logentry",
    "pk": 265,
    "fields": {
        "action_time": "2022-11-02T17:55:02.455Z",
        "user": [
            "ben"
        ],
        "content_type": [
            "auditlog",
            "logentry"
        ],
        "object_id": "113",
        "object_repr": "Created Fund_Item object (24)",
        "action_flag": 3,
        "change_message": ""
    }
},
{
    "model": "admin.logentry",
    "pk": 266,
    "fields": {
        "action_time": "2022-11-02T17:55:02.460Z",
        "user": [
            "ben"
        ],
        "content_type": [
            "auditlog",
            "logentry"
        ],
        "object_id": "112",
        "object_repr": "Created Fund_Item object (23)",
        "action_flag": 3,
        "change_message": ""
    }
},
{
    "model": "admin.logentry",
    "pk": 267,
    "fields": {
        "action_time": "2022-11-02T17:55:02.465Z",
        "user": [
            "ben"
        ],
        "content_type": [
            "auditlog",
            "logentry"
        ],
        "object_id": "111",
        "object_repr": "Created Fund_Item object (22)",
        "action_flag": 3,
        "change_message": ""
    }
},
{
    "model": "admin.logentry",
    "pk": 268,
    "fields": {
        "action_time": "2022-11-02T17:55:02.470Z",
        "user": [
            "ben"
        ],
        "content_type": [
            "auditlog",
            "logentry"
        ],
        "object_id": "110",
        "object_repr": "Created Fund_Item object (21)",
        "action_flag": 3,
        "change_message": ""
    }
},
{
    "model": "admin.logentry",
    "pk": 269,
    "fields": {
        "action_time": "2022-11-02T17:55:02.475Z",
        "user": [
            "ben"
        ],
        "content_type": [
            "auditlog",
            "logentry"
        ],
        "object_id": "109",
        "object_repr": "Created ANR MET-INTESTIN PATTOU U1190 | ANR -> Inserm",
        "action_flag": 3,
        "change_message": ""
    }
},
{
    "model": "admin.logentry",
    "pk": 270,
    "fields": {
        "action_time": "2022-11-02T17:55:02.480Z",
        "user": [
            "ben"
        ],
        "content_type": [
            "auditlog",
            "logentry"
        ],
        "object_id": "108",
        "object_repr": "Created ANR HSCreg F.PATTOU U1190 | ANR -> ULille/Frais de Gestion - 2022-11-02",
        "action_flag": 3,
        "change_message": ""
    }
},
{
    "model": "admin.logentry",
    "pk": 271,
    "fields": {
        "action_time": "2022-11-02T17:55:02.485Z",
        "user": [
            "ben"
        ],
        "content_type": [
            "auditlog",
            "logentry"
        ],
        "object_id": "107",
        "object_repr": "Created Fund_Item object (20)",
        "action_flag": 3,
        "change_message": ""
    }
},
{
    "model": "admin.logentry",
    "pk": 272,
    "fields": {
        "action_time": "2022-11-02T17:55:02.498Z",
        "user": [
            "ben"
        ],
        "content_type": [
            "auditlog",
            "logentry"
        ],
        "object_id": "106",
        "object_repr": "Created Fund_Item object (19)",
        "action_flag": 3,
        "change_message": ""
    }
},
{
    "model": "admin.logentry",
    "pk": 273,
    "fields": {
        "action_time": "2022-11-02T17:55:02.502Z",
        "user": [
            "ben"
        ],
        "content_type": [
            "auditlog",
            "logentry"
        ],
        "object_id": "105",
        "object_repr": "Created Fund_Item object (18)",
        "action_flag": 3,
        "change_message": ""
    }
},
{
    "model": "admin.logentry",
    "pk": 274,
    "fields": {
        "action_time": "2022-11-02T17:55:02.506Z",
        "user": [
            "ben"
        ],
        "content_type": [
            "auditlog",
            "logentry"
        ],
        "object_id": "104",
        "object_repr": "Created ANR HSCreg F.PATTOU U1190 | ANR -> ULille",
        "action_flag": 3,
        "change_message": ""
    }
},
{
    "model": "admin.logentry",
    "pk": 275,
    "fields": {
        "action_time": "2022-11-02T17:55:02.511Z",
        "user": [
            "ben"
        ],
        "content_type": [
            "auditlog",
            "logentry"
        ],
        "object_id": "103",
        "object_repr": "Created ANR 2017 F. PATTOU U1190 | ANR -> Inserm/Ressource Humaine CDD - 2022-11-02",
        "action_flag": 3,
        "change_message": ""
    }
},
{
    "model": "admin.logentry",
    "pk": 276,
    "fields": {
        "action_time": "2022-11-02T17:55:02.516Z",
        "user": [
            "ben"
        ],
        "content_type": [
            "auditlog",
            "logentry"
        ],
        "object_id": "102",
        "object_repr": "Created ANR 2017 F. PATTOU U1190 | ANR -> Inserm/Fonctionnement - 2022-11-02",
        "action_flag": 3,
        "change_message": ""
    }
},
{
    "model": "admin.logentry",
    "pk": 277,
    "fields": {
        "action_time": "2022-11-02T17:55:02.521Z",
        "user": [
            "ben"
        ],
        "content_type": [
            "auditlog",
            "logentry"
        ],
        "object_id": "101",
        "object_repr": "Created ANR 2017 F. PATTOU U1190 | ANR -> Inserm/Frais de Gestion - 2022-11-02",
        "action_flag": 3,
        "change_message": ""
    }
},
{
    "model": "admin.logentry",
    "pk": 278,
    "fields": {
        "action_time": "2022-11-02T17:55:02.526Z",
        "user": [
            "ben"
        ],
        "content_type": [
            "auditlog",
            "logentry"
        ],
        "object_id": "100",
        "object_repr": "Created Fund_Item object (17)",
        "action_flag": 3,
        "change_message": ""
    }
},
{
    "model": "admin.logentry",
    "pk": 279,
    "fields": {
        "action_time": "2022-11-02T17:55:02.532Z",
        "user": [
            "ben"
        ],
        "content_type": [
            "auditlog",
            "logentry"
        ],
        "object_id": "99",
        "object_repr": "Created Fund_Item object (16)",
        "action_flag": 3,
        "change_message": ""
    }
},
{
    "model": "admin.logentry",
    "pk": 280,
    "fields": {
        "action_time": "2022-11-02T17:55:02.537Z",
        "user": [
            "ben"
        ],
        "content_type": [
            "auditlog",
            "logentry"
        ],
        "object_id": "98",
        "object_repr": "Created Fund_Item object (15)",
        "action_flag": 3,
        "change_message": ""
    }
},
{
    "model": "admin.logentry",
    "pk": 281,
    "fields": {
        "action_time": "2022-11-02T17:55:02.543Z",
        "user": [
            "ben"
        ],
        "content_type": [
            "auditlog",
            "logentry"
        ],
        "object_id": "97",
        "object_repr": "Created ANR 2017 F. PATTOU U1190 | ANR -> Inserm",
        "action_flag": 3,
        "change_message": ""
    }
},
{
    "model": "admin.logentry",
    "pk": 282,
    "fields": {
        "action_time": "2022-11-02T17:55:02.548Z",
        "user": [
            "ben"
        ],
        "content_type": [
            "auditlog",
            "logentry"
        ],
        "object_id": "96",
        "object_repr": "Created AGENCE BIOMEDECINE U1190 | ABM -> Inserm/Ressource Humaine CDD - 2022-11-02",
        "action_flag": 3,
        "change_message": ""
    }
},
{
    "model": "admin.logentry",
    "pk": 283,
    "fields": {
        "action_time": "2022-11-02T17:55:02.555Z",
        "user": [
            "ben"
        ],
        "content_type": [
            "auditlog",
            "logentry"
        ],
        "object_id": "95",
        "object_repr": "Created AGENCE BIOMEDECINE U1190 | ABM -> Inserm/Frais de Gestion - 2022-11-02",
        "action_flag": 3,
        "change_message": ""
    }
},
{
    "model": "admin.logentry",
    "pk": 284,
    "fields": {
        "action_time": "2022-11-02T17:55:02.560Z",
        "user": [
            "ben"
        ],
        "content_type": [
            "auditlog",
            "logentry"
        ],
        "object_id": "94",
        "object_repr": "Created AGENCE BIOMEDECINE U1190 | ABM -> Inserm/Fonctionnement - 2022-11-02",
        "action_flag": 3,
        "change_message": ""
    }
},
{
    "model": "admin.logentry",
    "pk": 285,
    "fields": {
        "action_time": "2022-11-02T17:55:02.565Z",
        "user": [
            "ben"
        ],
        "content_type": [
            "auditlog",
            "logentry"
        ],
        "object_id": "93",
        "object_repr": "Created Fund_Item object (14)",
        "action_flag": 3,
        "change_message": ""
    }
},
{
    "model": "admin.logentry",
    "pk": 286,
    "fields": {
        "action_time": "2022-11-02T17:55:02.572Z",
        "user": [
            "ben"
        ],
        "content_type": [
            "auditlog",
            "logentry"
        ],
        "object_id": "92",
        "object_repr": "Created Fund_Item object (13)",
        "action_flag": 3,
        "change_message": ""
    }
},
{
    "model": "admin.logentry",
    "pk": 287,
    "fields": {
        "action_time": "2022-11-02T17:55:02.579Z",
        "user": [
            "ben"
        ],
        "content_type": [
            "auditlog",
            "logentry"
        ],
        "object_id": "91",
        "object_repr": "Created Fund_Item object (12)",
        "action_flag": 3,
        "change_message": ""
    }
},
{
    "model": "admin.logentry",
    "pk": 288,
    "fields": {
        "action_time": "2022-11-02T17:55:02.584Z",
        "user": [
            "ben"
        ],
        "content_type": [
            "auditlog",
            "logentry"
        ],
        "object_id": "90",
        "object_repr": "Created AGENCE BIOMEDECINE U1190 | ABM -> Inserm",
        "action_flag": 3,
        "change_message": ""
    }
},
{
    "model": "admin.logentry",
    "pk": 289,
    "fields": {
        "action_time": "2022-11-02T17:55:02.590Z",
        "user": [
            "ben"
        ],
        "content_type": [
            "auditlog",
            "logentry"
        ],
        "object_id": "89",
        "object_repr": "Created AENITIS V. GMYR - U1190 | AENITIS -> Inserm/Fonctionnement - 2022-11-02",
        "action_flag": 3,
        "change_message": ""
    }
},
{
    "model": "admin.logentry",
    "pk": 290,
    "fields": {
        "action_time": "2022-11-02T17:55:02.596Z",
        "user": [
            "ben"
        ],
        "content_type": [
            "auditlog",
            "logentry"
        ],
        "object_id": "88",
        "object_repr": "Created AENITIS V. GMYR - U1190 | AENITIS -> Inserm/Frais de Gestion - 2022-11-02",
        "action_flag": 3,
        "change_message": ""
    }
},
{
    "model": "admin.logentry",
    "pk": 291,
    "fields": {
        "action_time": "2022-11-02T17:55:02.602Z",
        "user": [
            "ben"
        ],
        "content_type": [
            "auditlog",
            "logentry"
        ],
        "object_id": "87",
        "object_repr": "Created Fund_Item object (11)",
        "action_flag": 3,
        "change_message": ""
    }
},
{
    "model": "admin.logentry",
    "pk": 292,
    "fields": {
        "action_time": "2022-11-02T17:55:02.609Z",
        "user": [
            "ben"
        ],
        "content_type": [
            "auditlog",
            "logentry"
        ],
        "object_id": "86",
        "object_repr": "Created Fund_Item object (10)",
        "action_flag": 3,
        "change_message": ""
    }
},
{
    "model": "admin.logentry",
    "pk": 293,
    "fields": {
        "action_time": "2022-11-02T17:55:02.614Z",
        "user": [
            "ben"
        ],
        "content_type": [
            "auditlog",
            "logentry"
        ],
        "object_id": "85",
        "object_repr": "Created Fund_Item object (9)",
        "action_flag": 3,
        "change_message": ""
    }
},
{
    "model": "admin.logentry",
    "pk": 294,
    "fields": {
        "action_time": "2022-11-02T17:55:02.620Z",
        "user": [
            "ben"
        ],
        "content_type": [
            "auditlog",
            "logentry"
        ],
        "object_id": "84",
        "object_repr": "Created AENITIS V. GMYR - U1190 | AENITIS -> Inserm",
        "action_flag": 3,
        "change_message": ""
    }
},
{
    "model": "admin.logentry",
    "pk": 295,
    "fields": {
        "action_time": "2022-11-02T17:55:02.625Z",
        "user": [
            "ben"
        ],
        "content_type": [
            "auditlog",
            "logentry"
        ],
        "object_id": "83",
        "object_repr": "Created ADR 2018 M. CHETBOUN U1190 | ARD -> Inserm/Ressource Humaine CDD - 2022-11-02",
        "action_flag": 3,
        "change_message": ""
    }
},
{
    "model": "admin.logentry",
    "pk": 296,
    "fields": {
        "action_time": "2022-11-02T17:55:02.634Z",
        "user": [
            "ben"
        ],
        "content_type": [
            "auditlog",
            "logentry"
        ],
        "object_id": "82",
        "object_repr": "Created ADR 2018 M. CHETBOUN U1190 | ARD -> Inserm/Fonctionnement - 2022-11-02",
        "action_flag": 3,
        "change_message": ""
    }
},
{
    "model": "admin.logentry",
    "pk": 297,
    "fields": {
        "action_time": "2022-11-02T17:55:02.639Z",
        "user": [
            "ben"
        ],
        "content_type": [
            "auditlog",
            "logentry"
        ],
        "object_id": "81",
        "object_repr": "Created ADR 2018 M. CHETBOUN U1190 | ARD -> Inserm/Frais de Gestion - 2022-11-02",
        "action_flag": 3,
        "change_message": ""
    }
},
{
    "model": "admin.logentry",
    "pk": 298,
    "fields": {
        "action_time": "2022-11-02T17:55:02.644Z",
        "user": [
            "ben"
        ],
        "content_type": [
            "auditlog",
            "logentry"
        ],
        "object_id": "80",
        "object_repr": "Created Fund_Item object (8)",
        "action_flag": 3,
        "change_message": ""
    }
},
{
    "model": "admin.logentry",
    "pk": 299,
    "fields": {
        "action_time": "2022-11-02T17:55:02.648Z",
        "user": [
            "ben"
        ],
        "content_type": [
            "auditlog",
            "logentry"
        ],
        "object_id": "79",
        "object_repr": "Created Fund_Item object (7)",
        "action_flag": 3,
        "change_message": ""
    }
},
{
    "model": "admin.logentry",
    "pk": 300,
    "fields": {
        "action_time": "2022-11-02T17:55:02.653Z",
        "user": [
            "ben"
        ],
        "content_type": [
            "auditlog",
            "logentry"
        ],
        "object_id": "78",
        "object_repr": "Created Fund_Item object (6)",
        "action_flag": 3,
        "change_message": ""
    }
},
{
    "model": "admin.logentry",
    "pk": 301,
    "fields": {
        "action_time": "2022-11-02T17:55:02.662Z",
        "user": [
            "ben"
        ],
        "content_type": [
            "auditlog",
            "logentry"
        ],
        "object_id": "77",
        "object_repr": "Created ADR 2018 M. CHETBOUN U1190 | ARD -> Inserm",
        "action_flag": 3,
        "change_message": ""
    }
},
{
    "model": "admin.logentry",
    "pk": 302,
    "fields": {
        "action_time": "2022-11-02T17:55:02.667Z",
        "user": [
            "ben"
        ],
        "content_type": [
            "auditlog",
            "logentry"
        ],
        "object_id": "76",
        "object_repr": "Created ADOCIA - V. GMYR - U1190 | Adocia -> Inserm/Fonctionnement - 2022-11-02",
        "action_flag": 3,
        "change_message": ""
    }
},
{
    "model": "admin.logentry",
    "pk": 303,
    "fields": {
        "action_time": "2022-11-02T17:55:02.673Z",
        "user": [
            "ben"
        ],
        "content_type": [
            "auditlog",
            "logentry"
        ],
        "object_id": "75",
        "object_repr": "Deleted ADOCIA - V. GMYR - U1190 | Adocia -> Inserm/Ressource Humaine - 2022-11-02",
        "action_flag": 3,
        "change_message": ""
    }
},
{
    "model": "admin.logentry",
    "pk": 304,
    "fields": {
        "action_time": "2022-11-02T17:55:02.679Z",
        "user": [
            "ben"
        ],
        "content_type": [
            "auditlog",
            "logentry"
        ],
        "object_id": "73",
        "object_repr": "Created ADOCIA - V. GMYR - U1190 | Adocia -> Inserm/Frais de Gestion Institutionnel - 2022-11-02",
        "action_flag": 3,
        "change_message": ""
    }
},
{
    "model": "admin.logentry",
    "pk": 305,
    "fields": {
        "action_time": "2022-11-02T17:55:02.684Z",
        "user": [
            "ben"
        ],
        "content_type": [
            "auditlog",
            "logentry"
        ],
        "object_id": "72",
        "object_repr": "Updated ADOCIA - V. GMYR - U1190 | Adocia -> Inserm/Frais de Gestion - 2022-11-02",
        "action_flag": 3,
        "change_message": ""
    }
},
{
    "model": "admin.logentry",
    "pk": 306,
    "fields": {
        "action_time": "2022-11-02T17:55:02.688Z",
        "user": [
            "ben"
        ],
        "content_type": [
            "auditlog",
            "logentry"
        ],
        "object_id": "71",
        "object_repr": "Created ADOCIA - V. GMYR - U1190 | Adocia -> Inserm/Frais de Gestion - 2022-11-02",
        "action_flag": 3,
        "change_message": ""
    }
},
{
    "model": "admin.logentry",
    "pk": 307,
    "fields": {
        "action_time": "2022-11-02T17:55:02.698Z",
        "user": [
            "ben"
        ],
        "content_type": [
            "auditlog",
            "logentry"
        ],
        "object_id": "70",
        "object_repr": "Created ADOCIA - V. GMYR - U1190 | Adocia -> Inserm/Prestation - 2022-11-02",
        "action_flag": 3,
        "change_message": ""
    }
},
{
    "model": "admin.logentry",
    "pk": 308,
    "fields": {
        "action_time": "2022-11-02T17:55:02.702Z",
        "user": [
            "ben"
        ],
        "content_type": [
            "auditlog",
            "logentry"
        ],
        "object_id": "69",
        "object_repr": "Created ADOCIA - V. GMYR - U1190 | Adocia -> Inserm/Equipement - 2022-11-02",
        "action_flag": 3,
        "change_message": ""
    }
},
{
    "model": "admin.logentry",
    "pk": 309,
    "fields": {
        "action_time": "2022-11-02T17:55:02.707Z",
        "user": [
            "ben"
        ],
        "content_type": [
            "auditlog",
            "logentry"
        ],
        "object_id": "68",
        "object_repr": "Created Fund_Item object (5)",
        "action_flag": 3,
        "change_message": ""
    }
},
{
    "model": "admin.logentry",
    "pk": 310,
    "fields": {
        "action_time": "2022-11-02T17:55:02.711Z",
        "user": [
            "ben"
        ],
        "content_type": [
            "auditlog",
            "logentry"
        ],
        "object_id": "67",
        "object_repr": "Updated Fund_Item object (3)",
        "action_flag": 3,
        "change_message": ""
    }
},
{
    "model": "admin.logentry",
    "pk": 311,
    "fields": {
        "action_time": "2022-11-02T17:55:02.716Z",
        "user": [
            "ben"
        ],
        "content_type": [
            "auditlog",
            "logentry"
        ],
        "object_id": "66",
        "object_repr": "Created Fund_Item object (4)",
        "action_flag": 3,
        "change_message": ""
    }
},
{
    "model": "admin.logentry",
    "pk": 312,
    "fields": {
        "action_time": "2022-11-02T17:55:02.722Z",
        "user": [
            "ben"
        ],
        "content_type": [
            "auditlog",
            "logentry"
        ],
        "object_id": "65",
        "object_repr": "Created Fund_Item object (3)",
        "action_flag": 3,
        "change_message": ""
    }
},
{
    "model": "admin.logentry",
    "pk": 313,
    "fields": {
        "action_time": "2022-11-02T17:55:02.727Z",
        "user": [
            "ben"
        ],
        "content_type": [
            "auditlog",
            "logentry"
        ],
        "object_id": "64",
        "object_repr": "Created Fund_Item object (2)",
        "action_flag": 3,
        "change_message": ""
    }
},
{
    "model": "admin.logentry",
    "pk": 314,
    "fields": {
        "action_time": "2022-11-02T17:55:02.732Z",
        "user": [
            "ben"
        ],
        "content_type": [
            "auditlog",
            "logentry"
        ],
        "object_id": "63",
        "object_repr": "Created Fund_Item object (1)",
        "action_flag": 3,
        "change_message": ""
    }
},
{
    "model": "admin.logentry",
    "pk": 315,
    "fields": {
        "action_time": "2022-11-02T17:55:02.738Z",
        "user": [
            "ben"
        ],
        "content_type": [
            "auditlog",
            "logentry"
        ],
        "object_id": "62",
        "object_repr": "Created ADOCIA - V. GMYR - U1190 | Adocia -> Inserm",
        "action_flag": 3,
        "change_message": ""
    }
},
{
    "model": "admin.logentry",
    "pk": 316,
    "fields": {
        "action_time": "2022-11-02T17:55:02.743Z",
        "user": [
            "ben"
        ],
        "content_type": [
            "auditlog",
            "logentry"
        ],
        "object_id": "61",
        "object_repr": "Created STIC Endomettab",
        "action_flag": 3,
        "change_message": ""
    }
},
{
    "model": "admin.logentry",
    "pk": 317,
    "fields": {
        "action_time": "2022-11-02T17:55:02.747Z",
        "user": [
            "ben"
        ],
        "content_type": [
            "auditlog",
            "logentry"
        ],
        "object_id": "60",
        "object_repr": "Created STIC Apollo",
        "action_flag": 3,
        "change_message": ""
    }
},
{
    "model": "admin.logentry",
    "pk": 318,
    "fields": {
        "action_time": "2022-11-02T17:55:02.751Z",
        "user": [
            "ben"
        ],
        "content_type": [
            "auditlog",
            "logentry"
        ],
        "object_id": "59",
        "object_repr": "Created STABILOT",
        "action_flag": 3,
        "change_message": ""
    }
},
{
    "model": "admin.logentry",
    "pk": 319,
    "fields": {
        "action_time": "2022-11-02T17:55:02.756Z",
        "user": [
            "ben"
        ],
        "content_type": [
            "auditlog",
            "logentry"
        ],
        "object_id": "58",
        "object_repr": "Created SOPHIA",
        "action_flag": 3,
        "change_message": ""
    }
},
{
    "model": "admin.logentry",
    "pk": 320,
    "fields": {
        "action_time": "2022-11-02T17:55:02.760Z",
        "user": [
            "ben"
        ],
        "content_type": [
            "auditlog",
            "logentry"
        ],
        "object_id": "57",
        "object_repr": "Created RHAPSODY",
        "action_flag": 3,
        "change_message": ""
    }
},
{
    "model": "admin.logentry",
    "pk": 321,
    "fields": {
        "action_time": "2022-11-02T17:55:02.765Z",
        "user": [
            "ben"
        ],
        "content_type": [
            "auditlog",
            "logentry"
        ],
        "object_id": "56",
        "object_repr": "Created Protocole YOMEGA",
        "action_flag": 3,
        "change_message": ""
    }
},
{
    "model": "admin.logentry",
    "pk": 322,
    "fields": {
        "action_time": "2022-11-02T17:55:02.769Z",
        "user": [
            "ben"
        ],
        "content_type": [
            "auditlog",
            "logentry"
        ],
        "object_id": "55",
        "object_repr": "Created Projet IRCO",
        "action_flag": 3,
        "change_message": ""
    }
},
{
    "model": "admin.logentry",
    "pk": 323,
    "fields": {
        "action_time": "2022-11-02T17:55:02.774Z",
        "user": [
            "ben"
        ],
        "content_type": [
            "auditlog",
            "logentry"
        ],
        "object_id": "54",
        "object_repr": "Created Projet ECIT Islets for Basic Research",
        "action_flag": 3,
        "change_message": ""
    }
},
{
    "model": "admin.logentry",
    "pk": 324,
    "fields": {
        "action_time": "2022-11-02T17:55:02.779Z",
        "user": [
            "ben"
        ],
        "content_type": [
            "auditlog",
            "logentry"
        ],
        "object_id": "53",
        "object_repr": "Created Projet \"EGID\" - Année 10",
        "action_flag": 3,
        "change_message": ""
    }
},
{
    "model": "admin.logentry",
    "pk": 325,
    "fields": {
        "action_time": "2022-11-02T17:55:02.783Z",
        "user": [
            "ben"
        ],
        "content_type": [
            "auditlog",
            "logentry"
        ],
        "object_id": "52",
        "object_repr": "Created PREPS TELEBARIA",
        "action_flag": 3,
        "change_message": ""
    }
},
{
    "model": "admin.logentry",
    "pk": 326,
    "fields": {
        "action_time": "2022-11-02T17:55:02.788Z",
        "user": [
            "ben"
        ],
        "content_type": [
            "auditlog",
            "logentry"
        ],
        "object_id": "51",
        "object_repr": "Created PRECOS",
        "action_flag": 3,
        "change_message": ""
    }
},
{
    "model": "admin.logentry",
    "pk": 327,
    "fields": {
        "action_time": "2022-11-02T17:55:02.792Z",
        "user": [
            "ben"
        ],
        "content_type": [
            "auditlog",
            "logentry"
        ],
        "object_id": "50",
        "object_repr": "Created PHRCN BIPASS",
        "action_flag": 3,
        "change_message": ""
    }
},
{
    "model": "admin.logentry",
    "pk": 328,
    "fields": {
        "action_time": "2022-11-02T17:55:02.797Z",
        "user": [
            "ben"
        ],
        "content_type": [
            "auditlog",
            "logentry"
        ],
        "object_id": "49",
        "object_repr": "Created PHRCK TPIAT-01",
        "action_flag": 3,
        "change_message": ""
    }
},
{
    "model": "admin.logentry",
    "pk": 329,
    "fields": {
        "action_time": "2022-11-02T17:55:02.801Z",
        "user": [
            "ben"
        ],
        "content_type": [
            "auditlog",
            "logentry"
        ],
        "object_id": "48",
        "object_repr": "Created PHRC-I PRECISurg",
        "action_flag": 3,
        "change_message": ""
    }
},
{
    "model": "admin.logentry",
    "pk": 330,
    "fields": {
        "action_time": "2022-11-02T17:55:02.806Z",
        "user": [
            "ben"
        ],
        "content_type": [
            "auditlog",
            "logentry"
        ],
        "object_id": "47",
        "object_repr": "Created PHRC SEXOB",
        "action_flag": 3,
        "change_message": ""
    }
},
{
    "model": "admin.logentry",
    "pk": 331,
    "fields": {
        "action_time": "2022-11-02T17:55:02.810Z",
        "user": [
            "ben"
        ],
        "content_type": [
            "auditlog",
            "logentry"
        ],
        "object_id": "46",
        "object_repr": "Created PHRC DIABSURG",
        "action_flag": 3,
        "change_message": ""
    }
},
{
    "model": "admin.logentry",
    "pk": 332,
    "fields": {
        "action_time": "2022-11-02T17:55:02.817Z",
        "user": [
            "ben"
        ],
        "content_type": [
            "auditlog",
            "logentry"
        ],
        "object_id": "45",
        "object_repr": "Created PHRC AUTOLOG",
        "action_flag": 3,
        "change_message": ""
    }
},
{
    "model": "admin.logentry",
    "pk": 333,
    "fields": {
        "action_time": "2022-11-02T17:55:02.822Z",
        "user": [
            "ben"
        ],
        "content_type": [
            "auditlog",
            "logentry"
        ],
        "object_id": "44",
        "object_repr": "Created PERSO-SURG",
        "action_flag": 3,
        "change_message": ""
    }
},
{
    "model": "admin.logentry",
    "pk": 334,
    "fields": {
        "action_time": "2022-11-02T17:55:02.826Z",
        "user": [
            "ben"
        ],
        "content_type": [
            "auditlog",
            "logentry"
        ],
        "object_id": "43",
        "object_repr": "Created MINIOB",
        "action_flag": 3,
        "change_message": ""
    }
},
{
    "model": "admin.logentry",
    "pk": 335,
    "fields": {
        "action_time": "2022-11-02T17:55:02.831Z",
        "user": [
            "ben"
        ],
        "content_type": [
            "auditlog",
            "logentry"
        ],
        "object_id": "42",
        "object_repr": "Created I-SITE : Le plan d'urgence Covid-19 - Vague1 - COE",
        "action_flag": 3,
        "change_message": ""
    }
},
{
    "model": "admin.logentry",
    "pk": 336,
    "fields": {
        "action_time": "2022-11-02T17:55:02.837Z",
        "user": [
            "ben"
        ],
        "content_type": [
            "auditlog",
            "logentry"
        ],
        "object_id": "41",
        "object_repr": "Created Financement GIRCI  - AAP Aide à l'Emergence - METT",
        "action_flag": 3,
        "change_message": ""
    }
},
{
    "model": "admin.logentry",
    "pk": 337,
    "fields": {
        "action_time": "2022-11-02T17:55:02.843Z",
        "user": [
            "ben"
        ],
        "content_type": [
            "auditlog",
            "logentry"
        ],
        "object_id": "40",
        "object_repr": "Created Convention de collaboration - MEDTRONIC",
        "action_flag": 3,
        "change_message": ""
    }
},
{
    "model": "admin.logentry",
    "pk": 338,
    "fields": {
        "action_time": "2022-11-02T17:55:02.848Z",
        "user": [
            "ben"
        ],
        "content_type": [
            "auditlog",
            "logentry"
        ],
        "object_id": "39",
        "object_repr": "Created Convention d’aide au projet B4H",
        "action_flag": 3,
        "change_message": ""
    }
},
{
    "model": "admin.logentry",
    "pk": 339,
    "fields": {
        "action_time": "2022-11-02T17:55:02.853Z",
        "user": [
            "ben"
        ],
        "content_type": [
            "auditlog",
            "logentry"
        ],
        "object_id": "38",
        "object_repr": "Created conv rev EGID année 11",
        "action_flag": 3,
        "change_message": ""
    }
},
{
    "model": "admin.logentry",
    "pk": 340,
    "fields": {
        "action_time": "2022-11-02T17:55:02.858Z",
        "user": [
            "ben"
        ],
        "content_type": [
            "auditlog",
            "logentry"
        ],
        "object_id": "36",
        "object_repr": "Created Contrat de collaboration - 2018/0530",
        "action_flag": 3,
        "change_message": ""
    }
},
{
    "model": "admin.logentry",
    "pk": 341,
    "fields": {
        "action_time": "2022-11-02T17:55:02.862Z",
        "user": [
            "ben"
        ],
        "content_type": [
            "auditlog",
            "logentry"
        ],
        "object_id": "35",
        "object_repr": "Created Compte d'attente Pr Pattou",
        "action_flag": 3,
        "change_message": ""
    }
},
{
    "model": "admin.logentry",
    "pk": 342,
    "fields": {
        "action_time": "2022-11-02T17:55:02.866Z",
        "user": [
            "ben"
        ],
        "content_type": [
            "auditlog",
            "logentry"
        ],
        "object_id": "34",
        "object_repr": "Created BETACURE",
        "action_flag": 3,
        "change_message": ""
    }
},
{
    "model": "admin.logentry",
    "pk": 343,
    "fields": {
        "action_time": "2022-11-02T17:55:02.872Z",
        "user": [
            "ben"
        ],
        "content_type": [
            "auditlog",
            "logentry"
        ],
        "object_id": "33",
        "object_repr": "Created Abos",
        "action_flag": 3,
        "change_message": ""
    }
},
{
    "model": "admin.logentry",
    "pk": 344,
    "fields": {
        "action_time": "2022-11-02T17:55:02.878Z",
        "user": [
            "ben"
        ],
        "content_type": [
            "auditlog",
            "logentry"
        ],
        "object_id": "32",
        "object_repr": "Created AREM BOURSES U1277/U1190",
        "action_flag": 3,
        "change_message": ""
    }
},
{
    "model": "admin.logentry",
    "pk": 345,
    "fields": {
        "action_time": "2022-11-02T17:55:02.889Z",
        "user": [
            "ben"
        ],
        "content_type": [
            "auditlog",
            "logentry"
        ],
        "object_id": "31",
        "object_repr": "Created U1190 - DOTATION 2015",
        "action_flag": 3,
        "change_message": ""
    }
},
{
    "model": "admin.logentry",
    "pk": 346,
    "fields": {
        "action_time": "2022-11-02T17:55:02.895Z",
        "user": [
            "ben"
        ],
        "content_type": [
            "auditlog",
            "logentry"
        ],
        "object_id": "30",
        "object_repr": "Created SFE H DUPUIS U1190",
        "action_flag": 3,
        "change_message": ""
    }
},
{
    "model": "admin.logentry",
    "pk": 347,
    "fields": {
        "action_time": "2022-11-02T17:55:02.902Z",
        "user": [
            "ben"
        ],
        "content_type": [
            "auditlog",
            "logentry"
        ],
        "object_id": "29",
        "object_repr": "Created SFD - M. MAANAOUI U1190",
        "action_flag": 3,
        "change_message": ""
    }
},
{
    "model": "admin.logentry",
    "pk": 348,
    "fields": {
        "action_time": "2022-11-02T17:55:02.907Z",
        "user": [
            "ben"
        ],
        "content_type": [
            "auditlog",
            "logentry"
        ],
        "object_id": "28",
        "object_repr": "Created SENTINHEALTH F. PATTOU U1190",
        "action_flag": 3,
        "change_message": ""
    }
},
{
    "model": "admin.logentry",
    "pk": 349,
    "fields": {
        "action_time": "2022-11-02T17:55:02.914Z",
        "user": [
            "ben"
        ],
        "content_type": [
            "auditlog",
            "logentry"
        ],
        "object_id": "27",
        "object_repr": "Created SANTELYS MC VANTYGHEM U1190",
        "action_flag": 3,
        "change_message": ""
    }
},
{
    "model": "admin.logentry",
    "pk": 350,
    "fields": {
        "action_time": "2022-11-02T17:55:02.920Z",
        "user": [
            "ben"
        ],
        "content_type": [
            "auditlog",
            "logentry"
        ],
        "object_id": "26",
        "object_repr": "Created RHU PRECINASH",
        "action_flag": 3,
        "change_message": ""
    }
},
{
    "model": "admin.logentry",
    "pk": 351,
    "fields": {
        "action_time": "2022-11-02T17:55:02.926Z",
        "user": [
            "ben"
        ],
        "content_type": [
            "auditlog",
            "logentry"
        ],
        "object_id": "25",
        "object_repr": "Created MAASTRICHT UNIV. PATTOU U1190",
        "action_flag": 3,
        "change_message": ""
    }
},
{
    "model": "admin.logentry",
    "pk": 352,
    "fields": {
        "action_time": "2022-11-02T17:55:02.932Z",
        "user": [
            "ben"
        ],
        "content_type": [
            "auditlog",
            "logentry"
        ],
        "object_id": "24",
        "object_repr": "Created LABEX EGID UNIV LILLE2",
        "action_flag": 3,
        "change_message": ""
    }
},
{
    "model": "admin.logentry",
    "pk": 353,
    "fields": {
        "action_time": "2022-11-02T17:55:02.938Z",
        "user": [
            "ben"
        ],
        "content_type": [
            "auditlog",
            "logentry"
        ],
        "object_id": "23",
        "object_repr": "Created LABEX EGID PHASE2",
        "action_flag": 3,
        "change_message": ""
    }
},
{
    "model": "admin.logentry",
    "pk": 354,
    "fields": {
        "action_time": "2022-11-02T17:55:02.943Z",
        "user": [
            "ben"
        ],
        "content_type": [
            "auditlog",
            "logentry"
        ],
        "object_id": "22",
        "object_repr": "Created I SITE CO TUTELLE THESE U1190",
        "action_flag": 3,
        "change_message": ""
    }
},
{
    "model": "admin.logentry",
    "pk": 355,
    "fields": {
        "action_time": "2022-11-02T17:55:02.948Z",
        "user": [
            "ben"
        ],
        "content_type": [
            "auditlog",
            "logentry"
        ],
        "object_id": "21",
        "object_repr": "Created FRM F. PATTOU U1190",
        "action_flag": 3,
        "change_message": ""
    }
},
{
    "model": "admin.logentry",
    "pk": 356,
    "fields": {
        "action_time": "2022-11-02T17:55:02.953Z",
        "user": [
            "ben"
        ],
        "content_type": [
            "auditlog",
            "logentry"
        ],
        "object_id": "20",
        "object_repr": "Created FOND AVENIR M CHETBOUN U1190",
        "action_flag": 3,
        "change_message": ""
    }
},
{
    "model": "admin.logentry",
    "pk": 357,
    "fields": {
        "action_time": "2022-11-02T17:55:02.958Z",
        "user": [
            "ben"
        ],
        "content_type": [
            "auditlog",
            "logentry"
        ],
        "object_id": "19",
        "object_repr": "Created FCA 2015 F PATTOU U1190",
        "action_flag": 3,
        "change_message": ""
    }
},
{
    "model": "admin.logentry",
    "pk": 358,
    "fields": {
        "action_time": "2022-11-02T17:55:02.963Z",
        "user": [
            "ben"
        ],
        "content_type": [
            "auditlog",
            "logentry"
        ],
        "object_id": "18",
        "object_repr": "Created EGID BIOTECH Feder U1190",
        "action_flag": 3,
        "change_message": ""
    }
},
{
    "model": "admin.logentry",
    "pk": 359,
    "fields": {
        "action_time": "2022-11-02T17:55:02.968Z",
        "user": [
            "ben"
        ],
        "content_type": [
            "auditlog",
            "logentry"
        ],
        "object_id": "17",
        "object_repr": "Created EFSD 2021 SAPONARO U1190",
        "action_flag": 3,
        "change_message": ""
    }
},
{
    "model": "admin.logentry",
    "pk": 360,
    "fields": {
        "action_time": "2022-11-02T17:55:02.973Z",
        "user": [
            "ben"
        ],
        "content_type": [
            "auditlog",
            "logentry"
        ],
        "object_id": "16",
        "object_repr": "Created DOTATION 2022 - U1190",
        "action_flag": 3,
        "change_message": ""
    }
},
{
    "model": "admin.logentry",
    "pk": 361,
    "fields": {
        "action_time": "2022-11-02T17:55:02.979Z",
        "user": [
            "ben"
        ],
        "content_type": [
            "auditlog",
            "logentry"
        ],
        "object_id": "15",
        "object_repr": "Created DOTATION 2020 - U1190",
        "action_flag": 3,
        "change_message": ""
    }
},
{
    "model": "admin.logentry",
    "pk": 362,
    "fields": {
        "action_time": "2022-11-02T17:55:02.984Z",
        "user": [
            "ben"
        ],
        "content_type": [
            "auditlog",
            "logentry"
        ],
        "object_id": "14",
        "object_repr": "Created Dotation 2019 - U1190",
        "action_flag": 3,
        "change_message": ""
    }
},
{
    "model": "admin.logentry",
    "pk": 363,
    "fields": {
        "action_time": "2022-11-02T17:55:02.990Z",
        "user": [
            "ben"
        ],
        "content_type": [
            "auditlog",
            "logentry"
        ],
        "object_id": "13",
        "object_repr": "Created DiogenX - F.PATTOU - U1190",
        "action_flag": 3,
        "change_message": ""
    }
},
{
    "model": "admin.logentry",
    "pk": 364,
    "fields": {
        "action_time": "2022-11-02T17:55:02.994Z",
        "user": [
            "ben"
        ],
        "content_type": [
            "auditlog",
            "logentry"
        ],
        "object_id": "12",
        "object_repr": "Created BIOXODES - V. GMYR - U1190",
        "action_flag": 3,
        "change_message": ""
    }
},
{
    "model": "admin.logentry",
    "pk": 365,
    "fields": {
        "action_time": "2022-11-02T17:55:02.999Z",
        "user": [
            "ben"
        ],
        "content_type": [
            "auditlog",
            "logentry"
        ],
        "object_id": "11",
        "object_repr": "Created ASTRA_ZENECA_1190_PATTOU_J",
        "action_flag": 3,
        "change_message": ""
    }
},
{
    "model": "admin.logentry",
    "pk": 366,
    "fields": {
        "action_time": "2022-11-02T17:55:03.003Z",
        "user": [
            "ben"
        ],
        "content_type": [
            "auditlog",
            "logentry"
        ],
        "object_id": "10",
        "object_repr": "Created ARD MC VANTYGHEM U859",
        "action_flag": 3,
        "change_message": ""
    }
},
{
    "model": "admin.logentry",
    "pk": 367,
    "fields": {
        "action_time": "2022-11-02T17:55:03.008Z",
        "user": [
            "ben"
        ],
        "content_type": [
            "auditlog",
            "logentry"
        ],
        "object_id": "9",
        "object_repr": "Created ARD 2017 VANTHYGEM U1190",
        "action_flag": 3,
        "change_message": ""
    }
},
{
    "model": "admin.logentry",
    "pk": 368,
    "fields": {
        "action_time": "2022-11-02T17:55:03.013Z",
        "user": [
            "ben"
        ],
        "content_type": [
            "auditlog",
            "logentry"
        ],
        "object_id": "8",
        "object_repr": "Created ANR MIGAD - F. PATTOU - U1190",
        "action_flag": 3,
        "change_message": ""
    }
},
{
    "model": "admin.logentry",
    "pk": 369,
    "fields": {
        "action_time": "2022-11-02T17:55:03.018Z",
        "user": [
            "ben"
        ],
        "content_type": [
            "auditlog",
            "logentry"
        ],
        "object_id": "7",
        "object_repr": "Created ANR MET-INTESTIN PATTOU U1190",
        "action_flag": 3,
        "change_message": ""
    }
},
{
    "model": "admin.logentry",
    "pk": 370,
    "fields": {
        "action_time": "2022-11-02T17:55:03.022Z",
        "user": [
            "ben"
        ],
        "content_type": [
            "auditlog",
            "logentry"
        ],
        "object_id": "6",
        "object_repr": "Created ANR HSCreg F.PATTOU U1190",
        "action_flag": 3,
        "change_message": ""
    }
},
{
    "model": "admin.logentry",
    "pk": 371,
    "fields": {
        "action_time": "2022-11-02T17:55:03.026Z",
        "user": [
            "ben"
        ],
        "content_type": [
            "auditlog",
            "logentry"
        ],
        "object_id": "5",
        "object_repr": "Created ANR 2017 F. PATTOU U1190",
        "action_flag": 3,
        "change_message": ""
    }
},
{
    "model": "admin.logentry",
    "pk": 372,
    "fields": {
        "action_time": "2022-11-02T17:55:03.031Z",
        "user": [
            "ben"
        ],
        "content_type": [
            "auditlog",
            "logentry"
        ],
        "object_id": "4",
        "object_repr": "Created AGENCE BIOMEDECINE U1190",
        "action_flag": 3,
        "change_message": ""
    }
},
{
    "model": "admin.logentry",
    "pk": 373,
    "fields": {
        "action_time": "2022-11-02T17:55:03.035Z",
        "user": [
            "ben"
        ],
        "content_type": [
            "auditlog",
            "logentry"
        ],
        "object_id": "3",
        "object_repr": "Created AENITIS V. GMYR - U1190",
        "action_flag": 3,
        "change_message": ""
    }
},
{
    "model": "admin.logentry",
    "pk": 374,
    "fields": {
        "action_time": "2022-11-02T17:55:03.039Z",
        "user": [
            "ben"
        ],
        "content_type": [
            "auditlog",
            "logentry"
        ],
        "object_id": "2",
        "object_repr": "Created ADR 2018 M. CHETBOUN U1190",
        "action_flag": 3,
        "change_message": ""
    }
},
{
    "model": "admin.logentry",
    "pk": 375,
    "fields": {
        "action_time": "2022-11-02T17:55:03.043Z",
        "user": [
            "ben"
        ],
        "content_type": [
            "auditlog",
            "logentry"
        ],
        "object_id": "1",
        "object_repr": "Created ADOCIA - V. GMYR - U1190",
        "action_flag": 3,
        "change_message": ""
    }
}
]
